y,x1,x2,x3,x4,x5,x6,x7,x8,x9,x10,x11,x12,x13,x14,x15,x16,x17,x18,x19,x20
5.118673596458612,-0.966649602786058,-2.4505974581525827,-2.57369224164964,-1.9396154853162075,-1.5425770590202028,-0.9326376328096063,-1.2692190843135607,0.5250765184006632,0.25062867182455256,-0.34722334924740395,0.2150653900900268,-1.598276356599336,-0.35071378992331753,0.7881259737564874,0.08572691353903178,-0.7375888165119414,0.5117722399481334,-0.03944367261375855,-0.9490903591932132,-0.41124547527404254
8.375209265423198,0.1376889360198845,0.2478772300671525,1.188419316437984,0.2582610586751524,0.7066160704171333,1.5398433515200183,0.9718222189863079,2.2012075786717857,2.330689280095104,2.193326752017053,-1.3839152303786506,1.2339596419983563,-0.27040554286715024,-0.057565880961578296,-0.8883895395715847,-0.9870918213562793,0.3552210598603338,-1.3047001410282193,-0.8351188522278317,0.5833240425734044
13.74301430373935,0.029994059626069873,0.49997585902179964,-0.10786420231981113,0.4836156946832128,0.4597663726313699,0.08946586199366478,-0.7618525563676436,-0.5671317453329083,-0.9226020718004696,0.0712110271256119,1.2429986649890836,1.0079059559766717,-0.5853471327261677,-1.870649593685156,-0.34221004886101136,-0.13473899653321875,2.092691719500939,0.5664551032547567,0.7745156754820416,-0.30753356007567256
9.628576964463202,-0.9913646520176719,-0.4350798528658196,-1.3150600447673728,-1.672224218262801,-0.8163030404251401,-1.067556154121651,-1.3793155206542418,-2.226904578445396,-0.9688859128282219,-0.17740073014683502,-0.696708961106571,-0.02571140281762931,-0.011480952265265703,0.3338963101032172,-0.9972535380415372,-1.5510740059714123,0.7818588731432189,0.4234791274668616,1.7838452261660598,1.5865596371660606
8.151485217527814,1.0825761349798044,1.3722180743504973,-0.04615643039426583,1.5072780071821128,1.175907142675083,-0.06123211736407887,-0.060726233715688686,1.3862223367255242,0.09298479381148225,1.2288472930137733,0.4956423842257605,0.15720037074181425,1.3259582518481934,0.325527496022126,-0.58272317325777,0.7551004158826561,-0.13055105790610935,0.21940905139541314,-0.8103411900757412,-0.8343060874496464
-1.5509664504594527,-0.42085430957102526,-0.449905902047332,-0.44095656825848256,-1.167253533981627,-0.9840839254637288,0.24961646543426372,0.8085429140206544,1.7537535859893207,1.9342561843083201,1.3099462736498473,0.9678546957211616,-0.34944663444107954,0.5251274224470173,0.4071458863408757,1.9362123937327844,-0.25269628504673836,1.0909800320830152,-0.46195561328253204,0.4653411818558406,0.011053443247098166
20.101493087729736,2.5427963819589006,1.0948950331061353,1.4014948499514472,2.0901431777046207,1.9735711587156723,-1.177469466100752,-0.29896358172060233,-1.0955865408595928,0.752051647359775,-0.9850346642982268,-1.4867338472931209,0.6133138445872713,1.3191722679671418,-0.6269145171887277,1.0262550131807433,-2.4029676564629225,0.5351259006499581,1.0886052290120936,-0.06609187540201887,0.19846873270603324
-8.01485257780342,-0.7295689940772594,0.39771617905677353,-0.3548095231797789,0.19012047781298747,0.2372165737222772,0.5177176991468436,-0.041347062785570834,0.2111626892272659,-0.4233557144101164,0.25971303718430805,1.4909163177078462,1.3109483337097465,1.8907480067996831,-0.23487685186218357,0.9291524705639782,-0.6382571525562841,0.2046790277777617,0.35701991620221685,1.8501840399025182,1.5310365715948775
-2.341257663990768,1.219821384051368,1.3901096647327194,0.18361253714712644,0.5719570904522554,0.12448249084003922,0.1941202329328148,0.45592820403305584,0.8803829176104775,-1.0181192364914813,-0.07162179596386214,-1.8714784243512035,0.19769133179371462,-1.1904293684515275,-1.5504625051686889,-0.9704836977676701,0.3734257584529644,-1.9893860084746504,0.4212620587514792,-1.1988492059022315,0.5973551057059691
20.604156879473877,2.1815282567207097,1.2688498030547266,3.7195645341188532,1.2345951793280456,1.7606408208172128,0.24225038466976842,0.23961803714703928,-0.40492624105314323,0.9040090910304993,0.05598152030835994,-0.9726436015599306,1.3986001933704875,-0.9224214382919697,-0.09985115511745286,-2.021340883918456,-1.2298884954069014,-1.7816943020812006,0.4763177004391843,0.4001092226893275,0.749957862219631
2.120791928550281,0.5920127432920902,0.08759551871279196,-0.07902315407344374,0.6310808090713754,-0.5038486496515896,0.3230164741025865,0.41165961372286664,1.3578024374952786,0.7671636427087134,0.2515877381657112,-1.2309089789447172,-1.71199798966397,-1.2790942154475629,-3.338090760505194,-0.4476765270936054,-0.051375151713472934,0.8817676765310636,1.3679147760687882,0.04636989422790758,1.4390686971404076
5.17925090100263,-0.6389556248021439,-1.7398024393472953,-0.8608199584829948,-0.0011633554255836285,-0.3156101733756606,0.1940766083410276,0.8022911144316703,0.22514493468662553,-0.10898667006151487,0.6645796094972296,0.0824432137331646,0.5745761060771896,1.5848928248500933,-0.3003729580617294,-0.6098386786114466,0.6101204617634592,-1.5908624061033088,2.112493831490475,-0.03885205724414607,-2.3817782228356035
15.201425314723565,0.8786634478367106,-0.22256615029487778,-0.11731752812117692,-0.12451736458382633,-0.24413313248399632,-1.4760735595805274,-0.22884339476723506,-1.5636429217900116,-0.16898324278484375,-1.6044296143681207,-0.05941150518116519,-0.47784079463288,-0.10687852490763465,-0.03273217367308601,1.4659023530979451,-1.1551259025126628,-0.2667607715063472,0.4064094762527349,0.8176955301040185,-0.4037604984404627
4.618538719061621,-0.12036863540489569,0.46397158489697343,-0.07288355667805045,-0.5521470488387894,-0.3481735955797951,-0.12005072305118306,0.6931820089373993,-0.7388494909132346,-0.29286355849047285,-0.22509644326628744,-0.6207321318410124,-0.9487983695606113,-1.4578723486223923,-1.87343661263177,-1.5528735974664256,-0.7259240662877012,0.18449802765460077,-0.6469622210221821,0.844436536250774,-1.7511159067971807
9.134314835317479,1.1913526872246536,1.9024670409438706,0.20808055358047037,1.020561085824484,0.6335078969773682,-0.38291551555929065,0.022136804435627204,-1.2737596829841897,0.4225490026857268,-0.44857512549828604,-0.20340336858502645,0.03211497750784691,-1.1701590559587027,-1.3508644937887184,-0.10664492559067332,-0.6095178904941537,-0.1388658157537284,-0.6097910625500116,1.372809336590976,0.6731703806363291
-6.9120060445930855,-0.1597076133792741,0.99437406373296,0.5316748229552002,-0.00021663326081560567,1.043733125522167,-1.4460301153023982,-1.3627092483005216,0.6392168518693878,-0.9484179937546713,0.6514105740037348,-0.7473597261341923,-0.9622723807763633,-0.3934766930466025,0.742490590295019,-0.6863235243242272,-1.0294277366512945,0.8228510436564106,0.781156751021639,-0.014670237060264161,1.5259205608007793
12.081888669006018,1.9816283578957,1.301351823797983,1.1734042237670501,2.2904473589049523,2.619084833350834,-1.3994062324708332,-2.149140332620716,-0.09785026096799018,-1.2903302276402817,-0.40279010286297157,2.8040871695181715,1.3830166986816068,1.9513464830266969,1.3954535293131414,-0.2946496978609163,0.76765641743848,0.9406536075358845,-0.33466523303637213,0.88714418963269,-1.4004313933723374
10.797398481482364,0.5798211360723244,0.9391367415483067,1.158035960191194,0.4327710818077352,0.8451495522124495,1.2596706918345664,0.6088540478115148,1.409740942318431,-0.875469556990712,0.5203401553772493,-0.7245938032352363,-1.8201415507039778,-1.4411304730825838,0.027514997103150533,-0.8323480523797611,-0.24681102955740342,1.5317646923699644,0.18938288001523468,-0.8768477970490021,0.24776809308537
10.06820401423059,1.2915761996352693,1.3738222929024297,1.1319308893871738,0.5603848667395023,0.5056269831372225,0.030674500553016744,-1.0504426981491377,-1.0556193996269656,-1.080129611720978,-0.5851652797746021,-0.402191524711826,-0.5341297435480215,0.17498885382794366,0.06442630516323325,0.05314979825986175,1.8110073520286958,0.543647623143878,0.13556486392749917,-1.9885100188268507,1.9423422312596894
16.164050855747718,2.1215970203917474,1.0019028618970827,1.688995473189936,1.0841186110198144,1.0880601876342304,-0.4946892895659522,-0.9222790818113081,0.2758338730888247,-0.45588175420977295,-0.44786504122328646,0.6766982118719512,1.6371940770358513,2.1022234205691124,-0.741904691704975,0.3182744682079433,-0.6243407242335307,-1.1414689204161883,0.45766270216890015,0.9199173949704618,-0.4556932543916667
8.399746164657829,-0.5617012547537443,0.1673383094204935,-1.0084631292068134,-0.5242596462942981,-0.6388677762107154,1.0326359292131058,0.06519718733288772,-0.8830994458522339,0.18949677630132125,-1.1759965924068696,-0.12037449560780505,0.7946404523006574,-1.3194515150711195,0.2518149559801765,-3.0134990893192226,-0.4379107660871973,-0.0972095198620758,-0.924234773286427,-0.5481140910837276,-0.8890787714923758
22.357708071327814,-0.154082636078227,-0.7913417864648079,-0.04212167586925348,-0.11892698392018602,0.10350324207112123,-1.0964885614174686,-2.2826428655381203,-0.8625847069695429,-0.8918812222158073,-1.8902542026002729,0.3616900421280682,0.5382500901755023,0.6572360527975329,-0.49725714484246025,-0.966230687496902,-0.23113542563463604,0.8239873618600425,-0.9971268403483631,0.7953175692297966,0.6314244924330062
-15.644137425836371,-2.893014494588313,-1.92206663687217,-2.873226800091323,-2.526008999909249,-2.733880724986239,-1.6915120507269266,0.3959933314182678,-0.06582821046466751,-0.36656753946886994,0.06217713320007604,-1.0177479382788635,-0.11435130337532785,-0.12498293280945551,-0.7033485783356688,-0.44914801147174405,-0.8178124493812721,-1.5764878262233135,1.2490889684812785,-0.7371319923736283,0.8464903622903458
17.50232764478428,0.7926119379483348,0.84473061212595,1.4052060156655457,1.9014134291013016,1.2300890395514374,-0.3281753289677493,-1.7000948830722147,-1.9728315436232466,-1.790711356197591,-1.0640930748674837,0.8122159448148321,1.7195762021559622,-0.8703270275848646,1.295067538312578,0.9516921992662902,-0.6382565989013925,-0.3328860250732421,-0.7431981344763393,-1.1776023104496176,-0.9860197150047616
4.6869229525975165,1.0777962354646002,0.6639814761280858,0.8026767123769161,1.3668807614757839,0.31227202194632103,0.10425137785297675,1.5079312099978253,1.5652471273859503,0.6034637012280635,1.0221788856911536,-1.2014480622560488,-1.5593369970987097,-1.2494354144703343,-0.4504712711555847,-2.3804698298744134,-0.08911496861272165,0.9351488538816652,-0.00861270040667836,-0.44706474305216487,-0.8730613273207474
11.707947402159853,1.4064464355539725,-0.004361386822019012,0.403695295802856,0.0038811060414768984,0.6210961098967633,-0.4762278856976222,-0.6281417120333941,0.5081554850247585,-0.985692346199248,0.3701147396714406,-0.7733872659240858,-0.9516363863191274,0.33938837949880296,-1.414580926734116,-0.6385201481217084,-0.5977317717299454,0.1847763823177699,-0.08841558261461603,-1.6345384373645202,1.6125094190213491
9.926945551628364,-1.228469659286169,-1.5669838179972488,-0.6720746885563375,-0.7191121012009233,-1.2021942481067154,2.254217887585702,0.7074393511034311,-0.1220506478527669,1.9870837204525973,-0.06604854319673634,0.5329567493253458,-2.4199624300698623,-1.210255661024097,-0.13438746380083363,-0.9088457409621006,0.43753828008712503,-1.9998162391926928,-0.5116748856442676,-0.759008182655192,-1.7955639427392196
-1.0974678356224195,-1.1604025333700516,0.6512538206365831,-0.7599323531806994,-0.8516645699926311,-1.5509988416695861,-0.135868245732491,0.9195349394739387,-0.27938076210402496,-0.2771363669772347,-0.5430568847456565,0.9942181599587642,-0.21900813199570346,-0.963251761776201,-0.05157390150966673,0.5002537040319364,-0.37145693044278544,-0.5478253913908107,1.052055100810104,0.23618111229398295,0.7289497612749928
2.200832267418418,-0.21296962716355963,0.4879181691445348,0.531387671232708,0.3343345832702482,0.13175704863908913,1.031024158385484,0.4787424141222827,0.49355487113527013,0.20740393210675942,0.2501848469080558,0.2708053884962972,0.44040403473567125,-0.021424501302613037,0.15634318222994356,0.43565167229311386,-1.7691040929144188,-1.0042219423354986,0.7332465729175272,-0.3466952483571389,-0.058771847620872425
-2.557777848127462,-1.7138223471295677,-1.643920478010536,-1.793525666687972,-0.50606616630445,-1.4014484917761985,0.854825311090641,1.1514598644858243,-0.4850020209650156,0.2558775073160872,0.5217026409497713,-1.9466903375602496,-1.450427549968692,-0.25043441953226653,-0.7475668440845126,-1.5043576498109117,-1.1738005133337543,1.1590446827291339,-1.1486358934662488,-0.17638970238409502,-0.020248269779301428
6.7327236340899255,1.059223171060062,0.7374934687589466,0.6852974668693869,0.09422243776691917,1.1439551283331084,-1.6223959812040163,0.7073333175161409,-0.7685927188317129,-0.17995143907072347,-0.609070147885758,-0.563076090204302,-0.3159581338733544,0.9248177436111096,1.7504919845871225,0.21771637763076324,-0.5856738374000987,-0.2024885409883376,0.18733319931402292,-0.016762202882667318,-0.19548931032618905
13.868758924376905,0.8616363186538383,0.555042759792783,0.5361280976975371,0.6918877068414244,-0.12498587987406518,-1.4131472314918778,-2.23333847096951,-2.80636100769569,-2.217783961954356,-2.517506909699405,-1.3558441781781547,0.30353582475861857,-0.009356169259436203,-0.904514097975781,1.0930571123872193,0.4058548442333599,0.7765206108539461,-2.0029895209468256,-0.24431049002797114,-0.7980052846373968
6.830890192910585,1.1230141236040878,-0.39931902490368626,-0.9177393995771287,0.021716783539033176,0.13221939503148739,-0.14603996799510263,0.21490523554252478,-0.2399822908043523,-0.0471683752763901,-0.32825163285796194,0.49812774821839395,0.5120310252456715,-1.3912419093037762,-1.2066529217525932,-0.11273698603339367,-0.5895715568622604,0.19708736023569803,0.08646958520656882,0.9866467771906922,0.09864836715019136
11.322985413996303,0.929795896823963,0.48175064185092176,1.2597687157614543,1.343103036551422,1.449925750017286,0.831231351131986,0.5900015897460713,1.0250876791809498,1.1250848356803627,-0.11555415008961445,-0.3296150971014043,-0.4580599899267104,1.303645679880779,0.4030033938566499,-0.6252138296478896,0.16520646707490708,-0.7082124375661801,-0.12043892465064449,-1.456110189193602,-0.5748497935825715
23.063618033280527,0.5981377411879194,0.9702705469978854,1.295292572346342,1.4519198552350137,1.3093851345606677,0.18057423566443073,0.8204649245303479,-0.2757621834000022,-0.06343885156416194,-0.11222466692249664,-1.136493796972024,2.6678620387080176,-0.6909324788473944,-0.22389496704707496,0.1723391431290238,1.2045395122691986,-1.4786691948106172,-0.0308963314325493,0.7231376564608933,1.3942521060832163
11.187901764265991,1.4381337615017669,0.7960035891980086,0.520599746893848,1.3734679155286067,-0.33371268669431525,0.6189685490035485,-0.28858275793230076,-0.184347351476141,0.419070652137957,0.05693495314930697,0.2313196982192175,0.22958135363349916,0.9249560346881818,-0.8875066098603013,-0.37731259328238825,-0.3897433694323467,2.7678822316882807,0.8914499031754383,-0.45590355018219786,0.52862069275721
15.107782423644835,-1.6061701343821306,-2.1669377657240063,-1.102254222876157,-2.020922494281553,-0.5836785626353094,-0.09354114770236101,-1.1032314279996975,-0.2911614131576079,-0.4483699842475918,-1.6304917766381293,2.0349840897349845,0.7200693469855759,1.426270950672098,1.1855383735121778,0.9627656498493952,-0.2843574757224258,-0.9119354613387401,-1.1329621344489682,0.8536354599672866,1.300618757254711
4.790187567157561,-0.8901693329599984,-1.0442621449446923,-0.9536581118081773,-0.7847899222806443,-1.143250004622176,0.07343036179974693,-0.7067139327233516,-0.23715563444585716,-0.9012783322919926,0.21553427362580613,0.36166703796732613,0.3235096361170672,0.9768872221526539,-0.7899405233076415,-0.26415532766827093,1.1389529944858992,-0.6471256243637876,-0.42089738648660646,0.43396418905395095,0.6124265288900652
11.50729265651462,0.3354540554611292,-0.6645821436394072,-0.07693637134325852,-0.2709460440592726,0.5695833364108743,-0.9918890389867502,-0.6104558504625737,-0.5154460875464595,-0.7470645553136254,0.197657240312539,0.10186981471481088,-0.08464915210443436,-0.28336389850941485,1.3093558468706041,-0.14303472075206214,-0.6431607500215204,0.8740796057411722,0.03213204208802589,0.7815155441820544,-0.39835477534602903
14.536252236653525,0.02640009102042332,-0.18689948955630256,-0.5044650825897538,-0.18656748474525922,-0.9691018922042542,1.141963725865559,2.2052230479004877,1.0050559328827828,1.6042941171864946,1.3198982569987918,0.5831124026153011,0.35313010049903926,-0.28691482444675137,-0.30238771512494195,-1.9123810986971606,-2.091560614698935,0.8389940680950541,0.16268366591916578,-0.7535784198594763,1.361895094666833
-0.6544200284237403,-0.35009354623688077,0.886611942212661,-0.18389414022693712,1.2032468157566034,0.4925671958196677,-0.21320427532170164,-1.2732412167997385,-0.5219238430136288,-0.09626009428182766,-1.350842391595735,-1.5590386148098132,1.4555063508258939,1.0993784677713474,0.621545670588477,2.4221628031589906,-1.0035111628804285,-1.4582588805709766,-1.9716031672139744,-0.8866394619509911,-0.6611107629369256
12.154786105331246,0.39808287294041955,0.4025069667422672,-0.24754915832063987,0.008326776231995764,-0.06471221151077107,0.4616836971837434,0.5630052025128833,-0.5301073239191266,-0.5870955506367922,-0.29933472437048925,-0.16247024821809242,0.3851472004239697,1.006470151890727,-0.022446325790372722,-1.5603829353838152,0.3208479600278547,2.0828106492002987,-0.49198200295872807,0.3736515380358417,-0.6112563762163273
7.7105548436363245,0.23777978412451062,0.14498961539946958,-0.19376197211402316,0.43145373438903994,-0.3877137070511373,-0.12473323540624313,0.05215218301838159,-0.7743372073382792,-0.27142157545375345,0.20912127947839398,-0.013164462041691773,0.9240047860568905,0.24495405078633656,0.408775075556507,-1.286671304012185,0.4869377844148903,0.4080554559326754,-0.4202743848148202,0.028885721396247854,-0.4701248821008169
-9.94750461616371,-2.388717108689288,-1.7861669769148745,-3.366592255175253,-1.940708567918942,-0.6478441902816355,0.03606919362058826,-1.5615043967475384,1.1306272485517084,0.6024780053508075,0.057329103240630806,0.043222518752620974,-0.7261000838306106,-0.45451657777921683,1.1887380767331535,-2.2205320813584306,-0.592412527846067,0.32924208735928034,1.429838454062734,-0.568531883810569,-0.9302118716124205
3.5328094378815598,0.574954504001963,1.2469067217328391,-0.06057267061875678,0.9045383312248287,0.8931240690189275,0.9238281903954785,0.6028056366999495,0.2791902049904277,0.3670483027158956,1.467935589805406,0.9600968009704326,-0.4758925559931079,-0.4349286655245822,0.07127532935006595,-0.9460496771381595,-0.9811898918161175,-0.7951704813346863,-0.772368319471166,0.6488916764663103,-0.2461474351353914
11.454592434152392,-0.7460196727758553,-1.0193648258570251,-0.9039065019166803,0.005595644373381825,-0.10397636310832267,-0.10331980856611538,-0.8458283234685723,-0.1605663046709878,-0.9171658377559281,-0.49799926785090415,-0.31364159610518483,0.18829948544089034,-0.6985065974361409,1.4154121157361155,0.48858876914678784,0.7688539199747095,1.4460978256749184,0.1348594348037463,1.2870078339404174,0.16024494797636218
5.1482942020350135,-0.3089500137803485,0.6253189341614633,1.0307680626642628,0.8416817931984872,0.8766983352639213,0.8634929528380065,0.6876885013346606,0.18557474952739783,-0.43968763598147714,-0.2744510897784319,-0.08892645806693929,0.03379439066727727,-0.9281860121523611,-1.2756288070655695,-0.3049384912757375,-2.841138345025993,-2.113166963948011,-0.9271973715854813,0.7965525390020797,0.030386049887355267
-1.210868507551413,0.059456962318708007,0.4025131401271286,-0.23300426696409846,0.26438182825770135,1.3920303063525818,-0.7397332042144732,-0.7008956337764646,-0.4018957141209117,-1.431957208619635,-0.8408334999420356,-0.9806190175639454,0.05585948969366562,0.5385791634736201,1.0576554216116119,-0.500273907158656,-1.5297402200587298,-1.2723039642747829,-0.13328804052806448,1.4975660998376628,0.08031041126159334
4.737056217579213,-0.8006493126897318,-0.4518411198980361,-1.1124735974157172,0.9104457264449941,-0.7735154543007278,0.016487485149772982,-2.1953787946897307,-0.9475752825778923,-0.8443785320376652,-1.1039628144125713,0.6020796682356632,1.5464211364881768,0.16907034607522195,1.0362764417930341,1.1701153200953855,-0.49160295445976804,-1.2782677755961038,0.7842973961363406,-0.02093946027152593,0.07659322289924576
14.830346828447613,0.5545789052731823,0.8193356709494531,0.9514345189245094,0.4834811475548752,0.14481644910413558,-0.9634726637435616,-1.0746705005963348,-0.6231618198719212,-0.9754646531351704,-0.4662491820876169,-0.17903463668730293,-0.394594232136471,-0.9180019757498826,-0.5123753190376674,-0.7610463926832557,0.08622986076873479,0.738236542972499,-0.20644213069442374,0.34216531535811645,-0.9580545947413647
15.283928999502573,1.0078441002383427,1.627857003718086,2.164681363073486,1.2734581826845888,2.073522063233987,0.6928474912636257,1.1958903498772873,0.4372589079626125,0.7683492578140184,0.9567443181299004,0.7755270819477581,0.5510628254256474,1.1174533465797938,2.4764867535186377,0.8334912872051831,-1.0004787977979117,-1.2072877035373701,0.9261800678646349,-0.4856087619380685,-1.0754708402807618
7.677775291662713,-0.6303853045574248,-1.204821357452493,-1.9052258543451728,-0.8984372841284147,-1.222109300892603,0.9586558159144984,-0.880135266370588,0.9501538847979373,1.8457399618680574,1.0929133344016928,0.973575087405934,-1.426418216497763,-0.27848611306977245,-1.1553680603117584,-0.9843477984037263,-0.924454552669766,0.4554253578130107,0.8215128652768369,1.2842098805338948,2.2801172999955575
11.729846943017261,0.13359467708549067,0.876598707431211,0.28713930084066525,0.7435837307581232,0.21330792751969127,-0.4759506989166679,-0.8461453439615223,-0.6517900715883108,-0.29423948239775244,-0.8154511747223566,0.9974795693806848,0.9237999410779738,0.5688906376770108,-1.1237298462350238,1.0628507728806065,-1.0129809338232867,1.0115368575517103,1.2097989726816787,0.8343212986438934,0.38854436049343455
5.855757096454092,-0.14208222512017848,1.0259170470688919,-0.5326804548966207,0.3839415740304153,-0.7868199028867098,-0.02979122378940735,-1.0026703973581332,-0.18743024030851504,-0.2311468465864898,-0.06160241819675257,0.19557711956390408,2.1868944307297555,-0.05135748280041354,1.127667077243052,-0.8012602974837789,1.576989276639449,-0.7316176285804011,-1.5574422900909344,-1.2953580988536708,-0.5278535327878275
17.412817750918602,1.1352703703562044,0.23022404434103227,1.1887061289031953,0.5753960730204398,0.5042820429093801,1.1518752531452283,0.14711907053605536,0.6547112857399139,-0.4817882387673765,-1.1302093155084985,1.411620723514158,0.8589868389092461,2.3178755022147346,0.6480619272030672,0.9487516547106022,-0.2985704519910193,0.7961546416004917,-0.5518383824746985,-0.3191094963546474,0.7643589815045863
5.0680733999858285,-1.5366961583922099,-0.927917906442612,-0.2936824313137847,0.2650554557180219,-0.29938753887850617,-0.569755675783454,1.2860416939196617,0.6417604243740757,-0.28586391855712,1.0284298563686982,1.7009532885098988,1.5448458448518134,0.2909494017547835,0.8869972497794387,2.169156834801723,0.6364172092918738,1.0383520476774046,0.4989978629620413,-0.33219395857765643,-0.008717801897929827
3.8265778008507896,0.2273276903596955,0.3571569515847616,0.45374052605893905,0.211616307079614,-0.7350386044272847,0.40852482484464314,-0.8883262667886161,-0.3613620406376012,0.005700223402605612,-0.7824759486658089,1.2614560853334622,0.5556214966135561,0.6394883363390673,1.3343603540780031,-0.822050850000748,-1.8034565390212167,1.4402639327403743,0.4062797303070664,-0.4351907832632915,-0.1440411614970557
15.529198633693087,2.1242869778279507,2.266176551201409,2.0115882610130837,1.3608795075455675,1.2266775761888595,-0.6776530560216448,-2.0791291622377432,-0.369130128713343,-0.9112865892225329,-1.3441601268147123,1.138115078879199,1.2948742382041416,1.9818064444636498,1.0524157312362483,-0.06254283672946954,1.5062941434268073,3.2218812173779945,0.04048755346212439,-0.11572902044980697,0.12983923860122817
11.029676350935786,-0.1730823037638906,-0.9251749879725856,-0.609216010616115,0.5039486730691968,0.29560839108374726,1.8768478271445395,2.3499878449656637,1.1387122600386537,0.13516708228590424,1.6388662702119883,-0.4882691315976551,0.914014218257534,0.882521118853291,0.7494592353643689,-1.6385163967640686,-2.0423542146031286,1.463819896420146,-1.4319899894957,-0.23365986739435923,0.10354686513358928
0.2517138916415126,-1.3837688323128756,-0.9930990943064446,-1.502555626849994,-0.4369849673073892,-1.064010310944395,-1.0812344634137545,-0.8352747109066334,-1.0911474841916056,-0.6127476264386176,-0.9612434422725932,0.7421978674352053,-1.8790189193885214,-2.019932799484541,-0.88470227733653,0.003523120468279609,0.34429839897136916,-0.492342144138831,2.5296987037037444,0.6823054540320513,0.36446493696712007
-0.15489921217290115,-1.8029371920746045,-0.7233510957831981,-0.0029992766446635395,-0.8162734510887732,-0.4383490911694638,0.988177241696867,1.6885541428551174,0.4604399134129378,2.1602490059032475,0.2273944160335607,-1.4332093973715603,-0.8319300084501595,-0.5487330116966875,-1.1723969196469282,-1.8019149533603458,-0.6390620119773384,0.666829393271307,0.3217628496779062,1.8869913725830199,-0.8804444396173023
4.17155638484191,-0.09014196417042636,0.5469857344320116,0.030515392976557074,-0.9363468272997321,0.5803378685446932,0.20494544733443354,0.48219281780861734,0.6411103541507074,0.06195118240827968,0.2029091140970873,-0.27284966538696465,-1.1749495408026889,-0.3807746682000408,-2.105849356070809,-0.8225865715634028,-1.69522690834959,2.0075268408775337,-0.05144651967327529,1.0936891173104941,0.6901062672313236
1.1247986629584006,-0.84926774177368,-0.7198686072844409,-1.0279365985775792,-1.057476907867515,-1.0540112105947044,-1.665351710946472,0.811327731761847,0.06759626567649238,0.21146963330037497,-0.17898482336948937,-0.10009211202232975,-0.25688364421789317,-0.8302604193581645,-0.01868255772916113,-0.7900619836434608,0.49953720106166816,0.35428828272064056,-1.1927382742611183,-0.013761710073528393,2.822679188529316
4.007919194680251,-0.6258022724701666,0.25910467184480024,0.5701335534798945,-0.7544305519091746,-0.5321851702046676,-1.5596953329545962,1.4330269030873066,-0.6172523144935085,1.5566720167585555,-0.22693639172997113,-0.6393713776240803,0.3843239110348321,0.045574627904708315,0.404671326987992,-0.43082552161206455,0.03264720574882825,-0.1482434835436517,-0.5334553036759632,-0.2922479517680402,-0.5037838601716083
9.290862078118618,1.2872101304950407,1.4228470234325692,0.8501690202399189,1.4294154473113314,0.870654293280121,1.1619817210154861,0.42377527280404026,0.5143424631020523,0.2415415781089708,-0.02480665959145998,0.44406389728414,0.22515566593444755,-0.20769821903946387,-0.5018749826399196,1.8840152472222305,-0.8991213930913022,-1.109826885956287,0.539605606043527,-0.38839111087123424,2.1505338608837676
15.227240310906543,1.6627676495345591,1.5213891849401358,1.0745514683970654,1.276387563075474,1.469815405887089,0.04989737341571907,0.004736105883523531,-0.6725244947243203,0.011956442171839481,-0.15565401623983852,0.8072502199349274,0.47024757474157824,0.5048417544386166,1.1307459373920135,-0.32499699199798565,-0.2825389026078806,-0.8242943724308327,-0.29049724865040083,-0.3191953778908537,-0.1350865136779723
5.802386023295025,-0.8518803235369354,-0.8777755594144941,-0.6233060031317721,-1.2640670926377968,-1.6226945275083595,-0.9271502389780732,-0.6916487228479471,-0.5044390088590697,-0.3770829489228656,-0.42841803427124,-0.18338575540803917,0.01649274484891543,0.11401289524840831,-0.015037792477909203,0.34342102016208254,-1.723126165077638,0.8351581452363456,-1.021213012145794,0.22212555343006365,2.0921959243364614
6.815860743485888,-0.03677431891073055,-1.3162888198723592,-1.1181389751295825,-0.5465501382664553,-0.4786659598434336,0.07213040223401293,0.5055164338943083,-0.8835668076712675,-0.6377801129656007,-1.9248000899977065,0.4190362975709074,-0.1660519910140802,-0.04504315339875644,-1.0025235632031622,-0.4252429245575155,1.1618889729866935,0.06244133222176582,-0.5858284776341374,-0.7837127185905506,0.05587481440320865
20.409868686111032,0.6785160842904046,-0.04609140617787897,-0.42418552557401984,0.5392643704522914,0.3015678383769508,-1.2783726713203258,-3.119537748745648,-2.2204911781076317,-2.6391359529716536,-0.7306976705390149,-0.0789870043424315,0.4370524913100034,-0.706635043027385,0.808798031715464,1.0368520204988383,1.965555552222203,1.459962104683761,-1.507274772854237,-1.539466173948962,-0.9330765811901494
10.917884151327408,0.515200063315539,0.3726842868939209,0.21656373487461317,0.3710604173395344,0.09257030832765568,0.5982323406699717,0.6648806083013149,0.6462971770067605,1.7261756400215027,-0.14834817728387673,0.7346502288155338,-0.20573091741945404,0.30236804248557037,0.8365729085217408,0.580507489620542,2.115785478218419,0.7253428514805496,-0.5826390318301229,1.3946662047461997,-0.8452506121908658
2.358487742497821,-1.1666731647190973,0.13163865048631723,0.24452084895905496,0.6636212464955545,-0.9018910626479786,-1.351584242056456,-0.3043253981787598,-0.7177786371997384,1.2071488416717133,0.37257182673181405,-0.6125707672697647,0.20028985926793225,0.2687552208677437,-1.0486266705222063,-0.7630171946385211,-0.04405903454316525,0.6963286305642636,0.031157931981036578,1.5364679544286879,0.2528068954050556
10.788072335906424,1.84462637280906,1.2951289936972274,1.0240590506741951,1.3588336386325541,1.7086992125422251,-0.3027776069673042,-0.945330625537576,-0.581627171257065,1.0090983268221576,-0.6567833909223134,0.30325483839192097,-0.6962324181105658,0.786205635515276,-0.6242340135743919,-0.5760086469998228,0.7657239751083008,-2.4010695490863325,-0.4909794643592546,0.6245751722359419,0.56225277118988
5.56501498036469,-1.5370284233629907,-1.7376481593841693,-0.9918731059126727,-0.5168891531206046,-0.7902047526362613,-1.188999508615954,-0.5078409823829174,-1.3570688592257136,-1.2166156618164052,-2.2257060198062146,-0.8500374399016706,-1.0901688722876262,-1.2748710578943032,0.07151532691589466,0.03649651975193606,-0.04137536550806833,1.864967783476963,0.5433770354945625,-1.2141924486493356,0.6216786102062275
5.295645183092805,-0.6523182054068627,-1.1765510376097839,-0.9960233897099511,-1.3223309694649616,-1.3399817718268545,0.3784517413882828,0.04202597703097183,1.3325479804872034,0.8735207185195141,1.2082512599921926,0.5106131064569371,-0.1375959185194989,-0.20923699022806605,0.9508463547764999,0.5045763471599339,1.0821121948455632,-1.484895106502575,0.012564210379259111,0.5104205091346635,-0.6355549852438811
0.44708468222191633,-1.41219377672657,-0.28240497266648407,-0.15447705265155656,-0.3766866031000615,-0.4299659594887812,-0.10078042169775789,0.583725843454658,-0.06743993964873271,0.09605435834554156,0.15408510762015687,0.055422112543454596,0.3255286131079163,-0.17902533735105325,0.5178960316833838,0.2998946874841128,-1.2942537200912578,1.0695754304286782,-0.18123005631909633,-0.7184055065172047,-0.4624536129993626
4.635457421277209,0.2361812117875819,1.491222600687793,0.8339492593892924,1.3204863376947393,1.8910409848066072,0.052867608479964814,1.348822731024063,-0.3429895812951269,0.2862592473323064,1.2319071832463484,-0.4557392401504334,-0.48575525401046743,1.8899826221211435,1.2000072303009641,-1.129290465790626,1.184317809179587,0.9513463125360657,1.5152796309819425,-0.7024090290155062,-0.33367788239204
14.067573172767244,0.16497923215230728,0.014334929785808142,-1.023095948508481,-0.49532560853792923,-0.14643192904913538,-1.4458696041990038,-1.1185343129195313,-1.1269967574906894,-0.7460448586239782,-0.8965439576812712,0.25429210547228803,-2.6463166163347633,-1.3053624234232675,0.11500566719511494,0.11743279976850911,-0.08783467196545275,-0.5703009885774071,-0.02326689176349804,-1.4195897936422066,-2.7577941840647555
9.33461619366457,0.5789625241268845,1.2078841264920166,1.7016402219239353,0.09240766420033222,0.9173281235117868,-0.6113590061056973,-1.4854986596467037,-1.3359529911412544,-2.1744154994529783,-0.43361598914542965,0.18112437971792422,-1.8321685241807872,-0.5410290967980245,-1.5740473759142308,-0.025833750215850243,0.9063439309661485,1.1331716572967583,1.9157718824469576,-0.853418879941123,-0.7495980104123271
17.750139459905732,0.07722837743929824,-1.5082317449061249,-0.11709600759958412,0.26074785418908875,-0.35196143717278644,0.6521127805737578,1.2558459009877383,-0.05009399689568946,-0.1193680762301839,0.96491387829089,-0.8282055510927666,0.659890380465808,1.1815253477607872,0.6765511200569506,1.0530445160015625,0.43946762448880966,0.005084327641843688,-0.061457747736707015,-3.1403375147017303,-0.24617566663999219
5.053144735158696,0.5409889530232934,1.0325417887452357,0.47245492264300937,0.1205082476886857,0.45302225983781186,-2.047599446999432,-0.5890158092746872,-1.922122320056411,-2.001192190401754,-2.443741223247571,-0.06423372806754302,-1.113384087748635,1.6714918024584025,-0.8443486420056763,0.016989778506990617,-1.0529623041403302,-0.036760594673356024,-0.37060412335466586,-0.176251759689398,0.8391387666497835
-8.197111512094686,-1.205794928257247,-1.563814338520869,-1.6547400626225852,-1.1945219278015846,-1.7805909703725902,-2.24490423710823,-1.808234176101633,-1.1328733887267117,-2.619038447229985,-1.6629185752572126,-0.7088476884190069,-0.2988077677930807,-0.43648473817786376,-0.8034369319244743,-1.1788480124300678,-0.5741429544880143,-0.3355239517056557,-1.8266142274768375,-0.24201362322750677,0.2596905017121182
8.70572764108528,0.47676307629219083,-0.7733663846867033,-0.4352922949554828,-0.03829965432463961,-1.2672599301420933,-0.7994842178495121,-1.3486160693071616,-1.3753943535958413,-0.3184489069136224,-0.5788690509399617,-0.8341461543143203,-1.031385571494759,0.011106427973099386,-0.09457646099974339,1.9317410701374425,-0.5148377355490587,-0.37596438873263166,-0.27411564786025244,-0.282260419961774,-2.0631737899564984
22.79094100090009,1.6707993085906139,0.8008061682320563,0.551640289468236,0.6577225380229126,0.4645454635673076,-0.48183694289361007,-0.2008924723905401,-0.16393776704600435,-0.4743205372489178,-0.22146492974832976,0.9132786638628936,-1.006009964813655,-0.35563959439919457,1.0279401115245719,1.0729599615311876,1.1259339949748217,1.401239156071818,-0.5837834101206639,0.9509212353251641,-0.9508721312455608
3.999169548372633,0.41151306366948504,0.2593427315048911,0.4659121725584555,0.3326814545731558,0.7964089430096536,0.3744687610124819,-0.18649844386970924,0.3354696509595012,1.6001019454021583,1.0479169384705707,0.5162377717043094,-0.8433304133940304,-1.6874186121222223,-0.8897194849009505,0.10449395833905055,1.1105239058149419,-0.40107950475485,0.4482552245770083,-0.032317460361837705,-0.5284683262636519
12.837990929438599,1.0740147990335644,0.2816250757782244,0.651146144110514,0.09881105517374529,-0.10896149722215062,0.06361664360845448,-0.6606055416065354,-1.918506209897902,-0.08676862114987742,-0.13685567723645195,-0.4631202856719324,-0.6403526685936614,-0.56779225303842,0.3905671962772083,-0.7504280711391298,0.23051550097046755,-0.584729151256554,0.5112473234090504,0.2274319117736437,-0.842913440734103
6.703078403966654,-0.10204496746137519,0.18423293978023658,0.17350413790852237,-0.5082644679297303,1.2734736357318384,0.1267555005857499,0.5864750442095296,0.31437617379038085,-0.5417694721108605,-1.0084375959096283,0.02461638398832126,-0.6395083766510121,0.22697909285300988,0.645077093139492,-0.18702828773468103,-0.34571783662083505,1.2284366834698646,1.3794111861506848,0.14096337826909147,-1.8763245742717807
6.602603823231358,-0.7482335962002628,-1.3120434263828917,-0.1469553417589636,-0.8761495255899723,-0.1044322199967579,-0.14460250649477993,-0.25317548180071486,0.15187979710516405,0.2069675773851638,-0.010718554729495107,-0.948182229470589,-1.4683254962344716,-0.277843713769521,-0.5190529622147917,-1.6731227418658459,1.7730946777175212,0.9091740948464716,-0.9100328610705049,-0.9234938570459853,-0.5954573596423515
15.09126035976802,1.4538217989958133,1.6780582635166148,1.590437568178904,0.8174975949375749,1.6692030304562202,-1.2440763566558148,-0.5985699172982742,-0.10242564664698521,0.9890883725047183,-0.7446963587146535,-2.1792505633188792,0.6586974017106683,-1.223687224375096,-1.8078940766644895,-0.29143002599626744,0.2936610220650622,-0.5090157691428037,0.43650742332354814,-1.405452540611001,0.8768417591637616
-7.305556948926464,-0.11151746786542005,-0.3012764589199931,0.4616351854760553,0.06956259053428322,-0.2676196567178276,-0.19950098753442475,0.47632116158593196,1.9014864901490116,1.2070746268244645,0.752118284633052,-1.7456995883160291,-1.4846371571769703,-0.07071256490071563,-0.6237095400101585,-0.11316752510603247,0.17595635527657294,-0.2792451917034831,-0.12081315417580056,1.6115927458431798,-0.9082485220210963
21.109189942319496,2.41008220012154,1.9941449814279488,3.0809563386053647,2.4953831049322934,2.600516060280741,-0.8664529512112006,0.3742497072517497,-0.7689073632151358,-1.096733978860908,-1.1101389720666057,-1.238592484943028,-1.8723733052389142,-0.45714635384862695,-1.4861971180146452,-2.699582796321223,-1.505152282697628,-1.8721833379066142,-0.5537905541054613,-0.09519897926687856,-0.5522790320381713
0.7530992485563419,-1.2526165069392639,-0.22585890788955343,-0.35447414837340563,-1.1440570632184373,-0.026420034949003204,0.3505770371079158,2.0564314414828977,1.7774599871556989,0.7733418267242781,0.6520196825289647,0.891132590062436,0.37637961987453084,0.08762803249412088,0.1673586838944608,0.08418911361743911,-0.48043693756567507,0.8018895080471932,-1.2369260200583723,-0.6844333526452832,0.5120836838846404
17.358072331145053,1.076001886008879,-0.37431857080878844,-0.13293743997302299,-0.4118529298629953,0.2533871229214995,-0.9430364813617211,-0.10798532602235579,-0.8147505308850089,-1.0191912689876215,-0.3352203392459088,-0.6560256549513513,-1.727358578625823,-1.2239050437996546,-0.4546047420148081,-0.6209876896395385,0.6467768619369529,1.2686569280617708,0.9463615312807047,-0.6711315391860871,-0.19712891429224105
13.352199132872439,2.359047934574781,0.13222712733198178,-0.2973797910762469,-0.4206660204494393,0.6994373090343212,0.9223876375643341,1.3500044647732417,2.358022216324838,-0.3356846087745726,1.1943421763300337,0.9518390943296814,2.5955105940853573,1.2805103126120831,1.2950686187252602,0.8120609427689068,0.4973778034979019,0.32732782185465775,-1.5464635693725108,1.184603670242183,0.2923666553990516
-5.10300488169595,-0.09341018713900791,-0.3791121363588223,-0.9893477319133112,0.3090184632498415,0.10162956247840986,-0.5040774944813691,-0.9562347465004976,-0.12295620025714722,1.3206072262833128,1.367031062089407,-1.7814922439748229,-0.27394437552780343,-1.4380231880117904,-1.4397498713164536,-1.9659295909174557,0.0032987957892536284,0.1413041871224154,0.6502837778128935,0.007468204611825441,0.3243727870194497
4.214625799734477,-1.6273089629067266,-1.6846323996957402,-1.0495776545524702,-0.7427831180967661,-0.513053966318708,-0.34475886347875295,1.4607671649650946,-0.3707508152932864,-0.3190888843460587,-1.7501719085210874,-0.6389359569551972,-0.08492557638136998,0.14407145814378433,-0.55810074655552,-1.9642146476265672,1.4775180481345698,0.4212021322481272,-0.7606464656570604,-1.0528594817424886,0.07316404494990246
3.7038706748252848,-1.2935438514616977,-1.4097171116311205,-1.399999724860453,-1.7134575565762449,-1.1819392974238745,0.2677225683702427,-0.3584241583907659,0.50888688537383,-0.20929724942104985,0.5692033810896374,1.3549015541492926,-0.31013677112562177,1.9283204405776917,-0.02997325657189529,0.3927026714728893,1.010350747932078,-0.34359759337275647,-1.0099433420099497,-0.5520765139058197,-1.1629578161487666
10.240749855294748,2.0668665500458565,1.6201996375993044,2.0815983407122163,1.9535891037469137,1.099516591672061,0.09601019661764937,-1.521931265908272,-0.344848831031728,0.19332815143220564,-1.9926677801054826,-1.2206296160637071,0.2566741006079687,0.4676460101031088,1.1391153208739548,0.9259373850164059,0.23877482720248439,-1.1238456929476235,0.4609749244049872,0.040697271578510746,-0.1406489232970685
8.043862793379683,-0.6780034263563919,-1.6675176424490137,-0.8607480722358882,-0.3536999664336323,-0.7751549050535073,-0.05647372200650932,-0.07173208300946224,-0.3639955227889881,-1.935549996389515,0.42901144283973713,0.7543856367298483,-0.3074404044743969,-0.9302638189392698,-0.9090852234348024,-1.162886970461101,0.678252702651169,1.3330341984548155,-0.0052438247751863355,0.6017782752536188,0.27712351147680164
14.634830057850152,-1.2244323955379937,-1.3788719634226532,-0.8488324122232704,-1.4457651232861917,-0.514499379039179,-0.3665533044646048,0.19211305803187084,-0.5992841374513703,-0.21817412753329166,0.5165551001488399,-1.6155437596915934,0.42067117850829183,-0.1179185084684481,0.4917414536701832,-0.19938986992357874,0.8018891565624606,-0.3607526945126385,-1.1759179011298413,1.2139887052741951,-1.0362722313983332
12.878362274474158,1.5156942946464795,0.725354756801759,1.3563044005314184,0.826936419056423,1.5045415902180825,0.3274769724456227,0.2925466285609051,-0.17730727912770258,-0.7511596295254387,-1.7181402206656393,-1.2954014617687177,-1.022720991136169,-1.5102597380540255,-0.5313128828790799,-1.307828668959327,-0.16068874616413067,-1.8409048760714737,0.7665696079027116,-0.30188917699063095,0.949942120135028
5.888330482585591,-0.5264465111934068,-1.3071684894189117,-0.7290069597315872,-1.106306152422303,-0.40415943164650303,5.7551559785783454e-05,-0.142664211725409,-0.2953292230156141,-0.6112837572379601,-0.600244087512361,-1.164722814018832,-0.23319742894340884,-0.9030835148925176,-0.7263381724388287,-0.6662293024235251,-1.3919964879744418,2.383997517385047,1.5293507707245033,0.7674909966695312,-0.3996275855140455
10.310758699493055,-0.17419764927095055,-1.2102889422800929,-1.9843689738280976,-1.3242566219439396,-1.7573355785095166,2.8646311742270236,0.23960482016561804,0.845689356488811,1.8795845601622776,1.509885534179222,-0.5045201494460001,0.03207926058831792,0.29707846572520213,-0.25413695294460364,-1.292383273709647,0.31887386915460986,-0.42909772171125016,0.44228590382747673,-0.8913148333147003,0.8161111803189461
5.027714092617375,-0.7681684663780458,-0.13123160928115762,-1.0730354259785744,0.21290888659070165,-1.2100514099963622,-1.3550137769794792,-2.3893336651223085,-0.4867069747737562,-2.6455923318281864,-1.3353903374462623,-0.3794290034348806,0.622043437894024,1.146476867231472,0.6379783451239839,0.8656394986869853,1.4369846970555002,0.471924250738875,0.37554353218070846,1.0737788088023377,1.3682026756109331
19.35058119862029,1.6094286517482141,1.7691660683242187,1.2514393679407667,0.8985233427181484,0.36586215763482277,-0.3966146926629535,-0.7337552128875087,0.5816106626434114,-0.26289040151407284,-0.1182468758901104,-0.1922880678714948,1.0553714119696478,-0.567427434620355,-1.330699496868366,0.4809256702481735,0.40687257038733854,-1.1111214343316609,0.17695043037098904,1.1813766725212738,-0.20489965414810973
6.048002120454399,-0.10000434445633581,0.875331640195693,0.907270491614674,0.10321542645711203,-0.7273770117920525,1.2226025089543062,0.6703193325536103,0.3882896142387178,-0.006661729885431363,0.6981729017010633,1.0315108092217085,0.24267196298845642,-0.5985209821041352,0.26977307342793,0.6388363009907699,-0.8711785421734376,0.2787166595030718,0.028321885252852796,1.4160875603367538,-1.7601351108786674
1.8260549605516445,-0.5781402171842926,0.12416742098275178,-0.6740789922228313,-0.9874534750415896,-0.1772362994676632,0.5265519094071035,-1.8556913786051525,-1.2242715711161578,-0.9722522473464734,-1.015558847481317,-0.45870993432167445,-0.7158362252484566,-0.9710287290356189,2.4163841180067336,-0.42852106066018575,-0.5108377752686865,-1.297681313589014,-1.1005944305468185,1.366550671973956,-0.9198412148609062
17.647082603937942,0.824520922641425,0.9758074354936125,1.236176507084254,0.9699638826199691,1.2955554611029572,-0.3659166999278653,0.13127389908134368,-0.41912558132806177,-0.7719812435783632,0.13137549235648618,-0.23659854171549766,-0.9446675882122385,0.22685746308203283,-0.3019256228283743,-0.9272630053633426,1.3124734095101136,-0.5905828828593063,-3.0938015893453983,-0.4823894775091753,-0.7149299597188566
20.410342525468685,1.5934927357760338,1.8017623961178695,1.5339040235534127,1.3734234269797452,0.7453361574857535,0.42550167985031945,0.9561935161283962,0.6024553084676185,0.4466221116872191,1.3251248156643984,-1.072938660401459,-1.0803516487599831,0.3279570203331962,0.5726804697227114,0.08910651719507193,1.9683988092679323,-1.1027233305954178,-0.7618105880615059,1.7386877662598,0.34842708085372237
15.469021718743932,-0.2839445854209272,0.08421936523969535,0.3070507380568874,0.7098401230603703,0.41406395627037484,-0.3338758426165724,0.33479675737799885,0.21632641993476143,0.438168966817371,-0.1514875852898304,-0.26421617136772885,0.7941895262673275,-0.5036575651832425,1.6539067923098203,1.6177541368074584,-0.6213200631847419,0.8690739251738363,-0.9893537174397405,0.20780612706527707,-0.7874964117091807
10.43192725084488,0.7560896072366214,0.9957615583673002,0.8000151584111673,0.8677743478107617,0.9342767573967579,0.1668069525524272,1.3970502055128868,-0.08991114886214904,0.4918019392403333,0.3623238184013287,-0.9122003528755117,0.5513126939690688,1.4105914539519577,-0.1471327415088409,-0.6987378409861323,0.9977044439138484,-1.8816004535202484,-0.014808962122459286,0.9571089907701327,1.6456194046519848
-2.7358706983153427,-2.682674523010471,-1.2801504149956795,-1.7013872946570483,-1.5374669785713144,-1.8290012675625318,-1.8675127109614744,-1.6440434476220946,-0.8184643861828533,-0.9688178086171594,-1.4796635000255436,-0.17116922735117612,-1.3982073050253316,-0.6516449804169213,-0.25263241856069857,-1.8294348271428376,0.45575000736937044,0.3878869941032256,-0.013400466247886458,1.175882956924617,-0.4482217246518892
-6.765714025272584,-1.037349501306631,-0.25099200196466576,-1.1790145170545014,-0.696892178736188,-0.6243823671129249,-0.7519526231327026,-1.0469311075938748,-0.04235173460934681,0.3340702732247236,-0.3705546051016495,-1.4157729394948784,-0.838677269943387,0.03188021015944924,-1.1410648810459372,-1.022406950215776,0.4350398280882651,-0.4518052795572879,0.7796034308970566,-0.47771362095585734,1.0781759519753886
18.9354707146044,-0.13915370882526978,-1.2197027565299674,-0.6010249945783481,0.49128219519547633,-0.9098811391431162,0.8864953374304255,-0.11727808629875403,0.32649154036998385,-1.0468978546827477,-0.6309904151957247,0.01706963645385799,-0.6069173032056129,0.15841845676602775,-0.015090299197932732,0.14633508777963816,-0.19877580993318408,-0.6063055452284883,0.0014309882298445618,0.5405085164613077,0.5123173598066125
15.722609162701719,-0.17093411422579008,0.7895632748148375,1.0526173582614744,1.0187853226718855,1.344091959560451,-1.0287432297913217,-0.5295244376051197,-1.2188082539439544,-0.22051299906516686,-1.1694851331449285,0.6224314180734802,1.5395947023923695,0.024431932461773147,1.7864523482473462,0.08521274867461955,0.14088009240559304,0.796433191091689,0.9722380939538584,1.9091651496765103,0.0026075908160763973
11.860242968140097,0.8446600559750382,1.6956976518140587,1.527291279968883,1.7237993762870953,1.2147640222366265,-1.7957448461271794,-0.9311340456869057,-2.0389406859081425,-1.477727871412384,-1.3102898223059392,-0.5332731136785834,1.5646504003070527,-0.45099380190978533,0.080545697554982,0.6501677924591369,-0.4712829379408955,-0.5353579857277356,0.46541082607345585,-0.8591006790504321,0.11934322127878659
3.1511691527890697,-1.808771772352869,-1.3870487838511278,-2.314899936183207,-0.6000242814086177,-1.9282391293819994,0.1675419496865046,0.5243730927892328,-0.2731224641355837,-0.571660496100627,-1.3406219850450183,-1.2199176331070913,-0.12476487712395004,-0.5695658346204122,0.3995988365971648,-0.9283420810929155,-0.6828069417042575,0.31543646420666616,-0.9115444777617914,0.5130550247036447,-1.2752833426361023
7.299577207603778,1.1005396031255588,0.9117571567803657,1.1963397554306499,0.8914347148529186,1.3190903687274163,0.98004841299594,-0.14166349727894795,0.764009759156932,1.187177524153497,1.7610334273101205,-0.2729255063564789,-1.3480977420700726,-2.3833708737163857,-1.0431834387172028,0.4018250709024243,0.061334755727866314,0.46214868833366995,3.183270952906241,-0.37353642564482986,0.8440474777534112
2.004804880141185,-1.3487429603134642,-1.6507940347184809,-1.5989407800533222,-2.2042667696417175,-1.82814616366311,-1.885675582312205,-1.670785454973129,0.1954554595200127,-1.988700697357473,-0.22011228843537017,-2.3179259321851187,-0.9756274261388486,-0.030295810790752744,-2.159923809429594,-0.680246756950957,-0.2820373479231614,0.5439412741147293,-0.5698591827546986,0.822691817439386,-0.8400028042147226
-0.13793918084276413,-0.2322364928244567,0.16203634511668857,1.140927745508081,0.6614060343689903,1.236379695076395,0.8152120300988792,-0.2845990401092109,-0.2257958353378193,-0.27355303035523454,-0.7424670957459243,-2.8940755976040844,-2.703386443066469,-1.3961147005117829,-2.2881355548323405,-0.49241768479768216,1.253527754027604,1.0582752556068002,1.1003550910114965,0.8124714929749626,-0.6037640722141053
14.878543623611577,0.5571298601164111,-0.579249526312476,-0.38127492027080945,-0.5631773525269786,-0.678394235331374,1.2243558509129049,0.44147883096604223,0.719950461161626,-0.3221678653107689,0.5073560253942597,-0.08033981145545652,1.5082837872612986,2.509332701834522,1.964320866748451,1.1177743921858192,1.3605296762685783,-0.39156898344097235,-0.2683939472424331,-2.0427903489008448,0.11819823126818078
-1.7346196838876287,-0.8407926916901018,-0.15988152825497742,-0.33309320162047723,-1.0698358043840466,-1.4549104968434454,-1.666748620263411,-1.0168618847015791,-0.06047367196147194,-0.10037218328994904,0.09424446512068167,-0.7264673762378171,0.39363279997682415,-0.8161971894440166,-0.9863074379239152,2.007114551168105,1.2217381748621907,0.19187998133399733,1.5248561548078754,-0.34506441623816947,0.47809211513874567
4.072641108892817,0.19753335865381555,0.22130181090588003,0.17673369164225583,0.14783505219307502,0.11305404554497146,0.4432911580268464,-0.8625561710310191,1.0186577556085634,-0.27345020890050975,0.05044171171190141,-0.08695767371765388,-1.277196132228711,-1.0905480695419205,-0.033078955173787894,-0.16418064828675435,-2.2575849600647944,0.28163239824899816,1.0036744706538667,0.05335796029131941,-0.5005638946158988
19.047647907503134,1.4756483463553003,0.6195336584881004,1.716430755550886,1.7588535073245342,2.0777683804823117,0.09740546014859289,-0.604292821498918,1.5119618919712576,0.1395091299469245,1.2654622851555877,-0.5056016228816127,-0.5546708039784642,-0.6274106053644084,0.25625834912358514,-0.5252558757629124,-0.09561837126649998,1.0784376580460473,-1.751769903324024,0.37435122813535615,0.5057248080703988
-0.01882142506629858,-0.9894672773481339,-1.1571387831283801,-0.6671976624924482,-0.12127569429109275,-0.7756868269170877,0.8561357740026253,-0.6954969570025265,1.2026154559612543,-1.1413555046184614,-0.5825295476215888,-0.6164757689943507,0.2543996282391593,0.38564529650999213,-0.3416464475230418,0.022717507268151627,0.8107902479920384,0.0520935367119584,0.8157304208761971,-0.042768651144324495,0.8029348203486173
8.692231571892433,1.1272598420250546,2.1539203940032974,1.868734246920994,1.2868015178909873,2.0107159861638286,-0.32837945429997506,-0.511218907219971,-0.0031116841167985864,0.13607184807926245,0.4084701622919657,0.6676976157407607,-0.6068497383971463,-0.9107908790691043,1.850153729727954,1.8881713449832627,-0.28531353596018144,-0.5430214828547444,0.8474934516394931,0.7502042222061104,-0.8601734855071047
17.915294122646603,1.598762344996198,0.444854005814458,0.348468119999954,-1.3981792652711622,0.5640081921805086,0.7842662691489314,-0.37499586587272665,-0.8534441745370018,0.38598389666323735,-0.19467605696129223,-1.49747937745248,0.662504922343342,0.7015781904429065,1.179012843900639,1.1011995901373521,-1.483924334556349,-0.4607574236434301,0.1047387875610857,0.5023923373360684,-0.4148355841581006
16.213016828140212,0.47776244760428327,-0.24867353657128258,-0.29940590796314165,0.29580042790735955,0.3196682592338552,1.7770654024890427,0.8421669291729078,0.12284640054091166,0.38921794024645057,1.357893247644732,-0.2877261198945853,0.9700530822607937,0.6497425201201054,3.0213333285212336,1.8402104046208199,-0.48287981481236864,-0.7627869905741914,-0.8269252931096501,0.629246915125087,0.09023759206916955
9.003200283324361,-0.035129489122211095,0.6576753506767237,0.5411340852316731,0.12654167789883555,0.6659882942636928,-1.5268108526735042,-2.235406970687501,-2.394267939123778,-1.1074950816861273,-1.7596986416488212,0.5734006287154031,-0.4184926118785532,-2.2879648136043516,-1.897526074147766,-0.42047095685789687,1.64092370427159,-0.5096617749527101,0.8278177551549714,1.5421170467835954,2.0675059282843535
16.251865106875844,-1.0821278796143343,-2.0754879619303237,-2.2308051772162494,-1.428082641290917,-1.3617577867728774,-0.11365339852173205,-1.1149043821283706,-1.7317356903129772,0.3423750533488218,0.020117463013025385,0.9320393398253793,-0.8797398120161236,-1.7960696026272442,1.1487149007698036,0.47141583734323994,-0.10673801598237571,-1.4722142108565113,0.9450137474024521,0.37245569172889065,-1.206466102193287
6.690443750587415,0.81277743609304,0.11978151076649708,-0.2759996755819148,0.2196200111405815,-0.2965468660823186,1.2499325948630136,-0.8573674499147573,0.47920720466327277,0.25231218765137736,-0.016485119273135274,1.3946811278576132,0.9313530851344773,0.4580783044809591,1.1396115624100636,0.5216597871549821,-0.6720891597461071,-0.24539586809055225,-1.0088673674451465,-0.15247053536150681,-0.7660269043115149
10.150507152294052,0.002571623251073432,-0.4802570226621476,-1.2780344346704042,0.16949046050769012,-1.763460635635715,-0.0021771960988406624,-0.2943504858459869,0.153469921132042,-0.4445755149441742,-0.07406268649460705,-0.2682611102803999,-0.6608904263605766,0.08247236610105452,-0.10652561609309699,-1.3021147656919951,-0.506873196749796,-0.22029482449387824,0.5707966838673911,-1.4662902506232018,-0.304447895857074
9.646197079339622,-0.640361539083556,-1.6019286836455804,-1.122941739890502,-0.6323223733878592,-0.8259873309997201,0.8330879833986128,1.4452625823730716,1.0173309437228866,1.984770232124181,-0.3083158992296513,0.5086926293223148,0.9320297908480625,2.8627163925171226,2.7199312749716187,1.9447623886186192,0.5097182256106543,0.4042677695062598,-0.09813984760709583,-0.5519894407002927,-1.2052682819352034
14.839997248280905,0.6275484283738024,-0.3335543703653532,0.3571590562628408,0.587726986432993,-0.019285814774386192,-1.456726367299877,-1.9989105052721083,-1.8059449348124892,-1.0327925260080388,-2.1804656594195193,-0.9349791416878193,1.049427050230182,0.8606505025807556,0.6939942014672817,0.08859606631214713,1.195556367258668,1.10068734889513,0.1621717256877839,-0.47902412503883085,-0.6470113538036371
14.830880903741413,0.4632209467024523,-0.6104194828948797,0.24468108191198146,0.33322130302721176,0.5145662743405164,0.9100271321908446,-0.9347787916392934,0.6324513435320662,-0.8372543153173576,0.47410027411161787,-0.17513788833768892,-0.41228891479761093,-0.7891702594521833,-0.16372852437636187,-0.873506241536914,0.7514505572163299,0.9001331124219959,-0.5454533557935783,-0.3527344591428168,-0.11667309623940919
5.049630844416319,-0.24604721855420716,0.31112173764237866,0.02109363674467669,0.31008207927088544,0.14404288951296515,-0.5406258078915807,0.5114686005586775,0.19858156534584023,1.125541713766254,-0.42229258363644834,-0.00900591814949682,-1.099138265997803,0.5887872892790383,1.430355610389334,-1.2469269838533716,-1.26141968273812,-2.204475949717005,-0.616759386146615,0.4896807225077563,0.16169739457789964
8.367523925726466,1.1498492853737448,0.46269517418219813,0.9608492821834216,-0.22338585533769306,1.1253294843683075,-0.8581257574999189,0.17130208097893856,0.1384226224106245,0.5006244782864994,0.5781409850256024,0.318826743144638,0.4617694667020833,-0.890374121549097,-0.5155525185058601,-0.9970071265721632,0.11135135440361009,-0.8817993629879566,1.865315520697853,-0.8303544071766013,-0.31526619335920186
17.164400373167354,0.40459179327998857,0.13388038561841817,0.4523744783683984,0.46368962953867104,0.0720623850143382,0.46780835874723614,1.1905081177332693,0.5401853048601775,-0.43943232034542795,0.7359471013911618,-0.34674687288300293,-0.2956018559831246,0.7160958534182982,1.5875502971241644,0.1263846819071041,-2.350784116728883,0.6086796689339821,-0.12928745946623654,0.5496241776038271,0.008806618617463168
3.255852390057684,-0.7740854176679356,-0.9749557125419981,-0.8573818333945821,-1.3491500865362778,-1.1839024052531646,0.16788586793265492,-0.910494335014971,-1.286311422192833,-1.0707228414686918,-2.1116589145784905,0.8872230380336494,-0.20609559061919214,-0.6430589551297241,0.8278842923157189,-1.1917204945960662,0.8944236273472849,0.5486982033839042,0.35192715076307735,1.0566500044013865,0.349677174506776
0.8595170577724804,-0.6459112499734239,-0.8378965639307016,-1.2500385243375425,-1.3999327770103265,-1.8320045384920678,-0.20079054642557653,-0.6955269286948645,-0.4725127072728098,0.9718215583235096,0.7201596932231732,-0.007199838124634245,-1.004670772835984,-0.9430984881724656,-1.8330896320172418,-1.16001722936162,-0.6848890850859762,0.0416888309564797,1.4747033689700877,-0.9263892024726447,0.31802642376404994
15.118540575047202,0.7836638148665424,0.30364648213879464,0.23361395613866717,0.24420572941535412,-0.12459097792837526,1.2059473041981696,0.6588783362980427,0.7775922100491733,1.1354153559625717,1.0784167385328716,0.17333055360319796,0.8075030105855064,0.2917639757924452,-0.8494624196236692,-0.9803363574783176,0.7708883661934669,1.4263418823755203,-0.4517443221172544,-1.530001442030829,0.18157348389775668
5.746606370405099,-0.5410765534267782,-0.10649979920040165,-0.22273294239257574,0.026421193318031902,0.22010611976335048,0.20295550285381492,0.4968640494285163,0.06561234237736747,0.6644645896158519,-0.26907693466279187,-0.5192628842841159,0.40536780033282116,-0.1170820240834607,-1.9548294406721334,-0.30340023901774904,2.097808180893939,0.5310591894667368,0.8448062469445244,-1.3966273687754267,-0.23178319200788172
7.973876224017468,-0.47225415883257155,0.6210102059296883,-0.07770582928425475,-0.5468701578134635,-0.7625236452717886,-0.1640462864329311,-0.46343499942642763,-1.0580909954479845,-1.7687345796646332,-1.7420320016402555,1.487855104031331,-0.2102262281616594,-0.05575388130155306,0.5778820736909295,1.0866973792146184,-0.02099586097006293,-0.5887184784571481,0.2581227175300492,0.5061764934024853,-0.9840317512642328
14.257732078254175,1.3083159869582364,0.48276467183988614,1.5299739547758464,0.4047980805745504,-0.1731272582715073,-0.3607201871022256,-0.8846815243838855,-0.2750691272716401,0.24754299932390794,0.3342302619259089,1.326536680817641,0.31207764206812194,0.9457459060788664,2.313680871816816,2.0149598177880996,-0.5022997571719232,-0.2963932306864966,-0.26236706173667146,-0.48262358462521493,-0.6051928746128903
6.375010699126939,0.029119713484803272,-0.5980812119754828,-0.7903075759175296,-0.5033121809747663,0.5964540514482513,-0.5966812366835746,-1.341966891855195,-0.6038030244646237,-0.08402851562496616,-0.19458830863887028,1.539950609607792,-0.27590353383622424,1.1294600810160986,-0.43740705800535673,-0.40239528536824903,0.04191749238857866,0.6360668198927741,-1.8721618214285394,0.21521704162355465,-0.1117153345547087
4.212038683517872,0.3949712964221321,0.4670092316528031,0.4356817496173355,0.5290043041127296,0.02962367364355827,-0.6675543637479642,0.18144331859351323,-0.6319362037024628,0.055320726190350916,0.6032801047447134,-1.8610084744826167,-0.9552404391203239,-1.0327959476435027,1.6542076345072472,-0.2218363083142391,1.2395606154066667,0.4974553987557203,1.5373871912178902,0.9805830690948777,0.8057036530033206
9.275080725613247,0.42259224104616777,-1.2799007217536,0.28148465465820627,-0.5924737684538885,-1.1591052668949924,1.0155885575752137,0.40432801749188085,0.0542316115256455,0.3986934912620271,1.1584429096728754,-0.8248414077602971,-1.774627578819745,-0.9080887273974525,0.17310817591535546,-0.08033485545735722,-0.44973879878454176,2.0260117944608833,0.954052779951423,1.0664529595065768,-1.1082173619321258
13.610590591307854,1.0037622851680599,1.1646358356182906,0.7718077670481108,-0.08660445058913882,1.3801570226359543,-0.8179182935070927,-0.04486413362010883,-0.6242388249825639,-0.21345828732963176,-0.5225260319751126,-0.10729195711884307,-0.01540517673629676,1.182918698242389,-0.6296589068013557,0.2176683604416952,1.891028652492555,0.5493461977991152,-0.9464902066530425,1.0020102822887644,-0.26364456152577836
10.051086402495606,0.4474872885893881,0.34834647348044123,0.9731233193272287,0.46029974657409806,-0.08584873116273554,1.0433277354794237,0.5507188689579686,1.0575217161440753,0.16245383077102538,1.241174036403609,-1.2974685908320869,-0.5280850693989972,0.08664235656648187,-1.1988243280192072,-1.0253722609430858,-2.6602983260962505,-0.9360392447844641,-0.4263166015027331,0.4736910564562151,-1.5932543397847017
13.333162941048753,-0.6596668676611488,-1.2977082007558367,-0.17323796203739822,-0.505611644282796,-0.36679189235298176,0.32720545727075856,0.42620809521861097,0.12190450088855337,0.8652098899364987,1.051381984312764,-0.10639587478112274,-0.7220190561658623,0.9422617324983864,0.14046221260019878,0.8243297398557722,-0.6075921239531878,-1.0617153331645934,0.5368805137574906,-0.6841697744827003,-0.4755149255331587
4.964184362167325,1.0655577429982843,1.4210235892270764,1.4277759095084475,1.7786452153844436,0.9332078539900156,0.7897631380525854,0.18543067956927803,2.3590487336884904,0.54237874040516,-0.15729027739976248,0.3221535238820696,0.8706753678129358,-0.4637254982799975,0.10328301384667778,1.401909654184106,-0.6428708389758945,-1.085509787431278,1.130516046689931,-0.20772305837040902,-0.32512380293390253
0.1678165936664211,-1.1432446343145926,-1.54966679504118,-1.5617614703886187,-3.3673669115025304,-1.765827290453775,0.5808160583838355,0.07399066247894223,1.8371137389576566,0.6138485794941815,0.3342621300373658,0.6316156518671845,-0.9837170075306811,0.6669475655459415,0.14087133324355702,0.9817622094667067,0.26530982156157734,-0.41267318175396067,-0.4255995728535523,0.7902603432032277,-1.383975632613277
15.765665678421508,1.132719518281872,0.10334980346857468,0.5945915443602926,0.14339636688186858,0.300588317679917,0.09082889659184608,-0.05486288124521173,-0.34596718570885193,-0.5084050776157959,-0.3407487897698686,1.6978237675214105,-0.056906447922912634,-0.7142051412120763,1.1799179575111063,0.3964962222136473,-0.06892413493746381,0.6023299581682547,-1.4703355392880124,0.26923432708713574,-0.7966115044487773
26.7618572493313,1.9692974729331316,0.2355249007146932,2.000574104519731,0.7689361132173326,1.4178566959086556,0.14737591809071915,0.9969074620644337,1.3509234630168205,1.6360627243022945,0.6725702556662384,0.8748272571529767,2.6021126347606174,-0.03608861043631153,1.3744993090879365,0.7089788087013501,0.1493107674088347,-0.07259495793878516,-1.4739955631914081,0.5325499140746061,1.705428743795994
9.798121691513971,0.9831883521631375,0.8351067684639073,0.9291596482447065,1.8064735511788508,1.1262050664732914,1.9501812415185815,-0.778467563174634,-0.18291215019266338,-0.16850503513020834,0.6342399466315937,-1.1501794034748511,-0.8969828694775319,-0.9811942447429768,-0.5682309702550109,0.15339032379298712,-0.10985280223047393,-0.40891201258827153,0.0005501201333099517,1.1629574368209687,-0.007060621149293278
1.7276588476013832,-1.5003159605476604,-1.736809488846495,-0.465589233865222,-1.4557993209944204,-1.773113654972548,-2.8745457260715113,-2.8592869375221786,-2.0230433439721702,-1.178191615004703,-2.154494310173233,-1.3696292367588114,0.6023636131294158,1.2628545769275716,-0.4453955012027542,0.31747238941187295,-0.4830732756290686,1.385810904914159,-0.027870837157263857,1.77647266235909,-0.014834341915120753
21.952775543577268,0.36331049992280545,0.8031702347140603,0.21468574078561703,0.7124630583608482,0.37859290466693474,1.3998045311259846,1.1344197852445497,1.6717972666281642,1.6899056122869576,2.166405562254878,0.3408866022750527,0.3426913367895184,0.8046742800341589,1.0550785420293158,-0.7483967237550369,0.25920154001957973,-1.0408833872541177,-0.9628723113190374,0.8019741639589868,1.8751431129963738
8.093562766997216,0.024337624273082867,1.101167136272662,0.47683773659199397,0.3023943028421578,0.2018091232877928,0.9565838989301041,0.3952443293229263,1.8993930388877802,1.1139676485795558,0.3901988647717537,-0.19912253957477258,-0.6446497962074023,1.7940671530352892,0.415383227968898,-0.8522655407116666,0.5967736999623847,0.31985546929842806,-1.5954356357623303,-1.5356562760749901,0.08018181063282125
6.216211105621246,-0.9075462608330293,-0.747727792147945,-0.8779704486309459,-1.0594803083358675,-1.261480545826143,0.4250828333993405,1.0384690400294998,0.2527066919341078,0.6041017861304454,1.5372016344359407,-1.1336784329678402,-0.2824999037006914,0.48226126688827925,-1.0657571190740154,0.06378059624659446,-0.06830257626704252,-0.5266360061827501,0.5391477582174952,-0.4823832725452371,-0.2122258376761103
1.8660706753343623,-2.2593118357819266,-1.4969387969060501,-2.08561283003899,-1.5770911895868025,-1.0696157637815542,1.6249800507363592,0.4047203321800856,0.5490394602008993,0.9850711405480485,1.0658201662302145,-2.738203631318109,1.0128256153925252,-0.8781818490763985,0.2316075897460932,-1.7391957266366602,-0.9772208899004178,-2.1391667034599036,-1.726740594144203,-0.9693812342462285,0.8150220578831651
19.038982203535095,0.10172483509457703,-0.6397311191637501,0.3021919019276694,0.24015923283867288,0.1787988084959046,-0.8897060725515411,-1.1126195537597132,-1.2095917651368782,-1.7366118311087704,-0.2608638815289076,1.5915892629028623,0.9741340532659911,0.6119430797698125,2.4024041104308407,1.1433219421494347,1.196381208914378,-0.23076580510896302,1.031463468384115,0.2181271331274117,-0.2910659250981822
-1.5785440783967308,-0.9827378071572176,-0.31138524561118514,-0.5728794520419995,-0.1615464286555039,-0.24692357767592707,-0.6756041059986209,-0.18601475818081462,-0.6672736731584062,0.3293934667451769,1.2845571730289178,-0.20944409914190526,-0.8124849203306922,0.7560771963246153,-0.6259254870962616,-0.30757680822033556,-1.2717896451912196,-0.7844069384423837,0.3196461574713193,-1.035537240609676,0.18725212352397286
8.821640350423971,-0.19354344054272676,-0.055127513309721335,0.07837457857574795,1.4432628788938453,0.15135956623363878,-0.8825591513337429,-1.4093915703477928,-0.4979582932646018,-0.9785061729303639,-1.6527311655994723,-0.42950632301382985,-0.6061108224451847,0.30051174787822693,-0.4580387775950352,-0.915304027544964,-0.1330586080796529,-0.1351949348985999,-0.03853585288359884,-1.6534260008903656,0.2889790864187196
17.568852548585138,0.3443516165395239,0.024184858992756485,0.043961677700301606,0.19413476981461658,0.11455517373759695,-0.15306966603358352,-1.2662243462137732,-1.3484594314213432,-1.3499687066200143,-0.8633180857520361,0.28766369200586184,0.968026598776481,-1.3134884751562304,0.6935257690191139,0.48240940935858156,0.3718847611944622,-0.43742210298446943,-0.9292310658415884,1.3213169080077423,0.11756441966779366
12.561595054573973,0.361134286088079,0.07608645281919517,0.325616002895801,0.5746302050257506,0.017971741930144728,0.5141773273229427,-0.9863699411856566,-0.25827491245555073,-0.5698465727362364,-1.5383831074983023,0.025689504019290512,1.6640823318834246,-0.30050332715778816,0.9013211818929276,0.25380322919492226,1.532025757406029,-0.9061967979192759,3.00994803172651,0.07395437136370642,0.0167731346122674
4.765115223977705,-1.2992004857476078,-2.4297971617882306,-0.8917775521082548,-2.1593041683686827,-1.3614840265158883,0.19157283046002807,0.4669467683301238,0.6694012838112381,0.6153997558872009,0.4566038885532245,-1.0954017408880294,-1.9919619986847021,-2.173927942141602,-2.4107294611423744,-0.49326626009047453,-0.8440281753445129,-0.11132920855848036,-0.6168198108074016,-0.7802522784841254,-0.18474856859032965
3.914877862279709,-1.1850583979508578,-1.0221870854943396,0.3489894073669449,-0.1247451377746742,-0.6435710290580234,-0.4853144577845246,-1.470906490054716,-0.10465787304573533,-0.2479407002895591,1.0473392900584337,-2.0645414114520433,-0.47582493060475806,0.5762814986453368,-1.7797922122586394,0.3290221280852391,0.40988209350450255,-1.1204146893061175,0.1642538135855468,-0.16868586423020138,-0.29512605416598936
14.250889909156133,-0.84239203759651,-0.8073904470506643,-0.9997869274315019,0.03443390773367501,-0.47469325027210374,-1.7749229009400929,-1.162821278913304,-1.0269667712668042,-1.3540069827063257,-0.9308652017597694,0.7417951626667055,0.18933272650173744,1.453883594913395,-0.6102439496293165,-0.0568895824548845,0.23782208470325697,-0.04104200986062104,-0.10914039391358205,0.8481346823035226,-1.2145639641049202
-1.3134957041219533,-0.19558652518245806,-0.6147532894037143,0.13588792369016978,0.33580342912541966,0.09960656852529186,-0.47359799051041057,0.6313618133328959,-0.7697909084482767,-0.5490125037222351,0.3095474492272885,0.903674863093972,0.40618724096189796,0.7530071176376897,0.8776730099244593,0.24404305004920257,0.2515749066512347,-1.0769836563527466,-0.541383512968207,1.801045984648721,1.2262176637547733
7.680018558024799,0.1839238180161744,-0.25905408067290986,-0.6295099802447038,-0.2540478206665051,-0.1943199339914054,-0.8875176115821356,-1.3754610357647366,0.16318266929316125,0.26569538318866637,-0.7005713206743887,0.6621723905537894,-0.0118161628872384,-0.3912970445805167,-0.9860759481673304,-0.6967028943695147,0.09352456740844355,-0.8625561217535758,-0.2743506783750904,-0.039359701002198565,0.544748452597314
-2.146497872316944,-1.5846051882330516,-0.6570013260208423,-1.2407784409836646,-1.0771569801646332,-1.3476087486224009,0.05657017580151271,-0.565366266499409,0.23516367298523538,0.6000392747288779,-0.4849075440006615,-0.212034802206518,2.301953050046759,1.507846408226295,0.37274897185534006,-0.382596698573865,1.824661288816772,1.1911338581142128,-1.417657926346425,1.8042338038252193,-1.566233787274981
-5.292660626896123,-1.2569355781650478,-1.0182493139900648,-0.7274055866993624,-0.7904300686044501,-0.9383549864320235,0.1277988509433158,0.18022609140547147,1.0101961208413683,0.14780700145915612,-0.6637911085046829,-0.9249299254360351,-0.6912333163799536,-1.94329701299646,-1.8339301064363775,0.007778619611530288,-0.29261829006381584,0.8160852411345119,-0.5789748206987466,0.6971322498345383,-0.8718560277377578
9.097430641937791,-1.702434893050111,-1.6454381166498466,-1.3300753333426345,-1.8305467238366842,-2.3510477099966303,0.7727714466305483,-0.7068629195715871,-0.7316699404717499,-0.15988451111789395,-0.8472627176199082,1.5135853836144473,0.9914620892359634,0.3196082501368592,-0.45560819119776697,-0.49671948160572493,0.057781050628746056,-0.21734494731776813,-0.7485365452052269,1.8053010612296576,0.7802282606943607
16.304886573470498,0.6279656128041394,0.6680794516460439,0.9285678311028268,0.15423232477306048,1.3909433925957746,1.0226326953735485,0.9886280881723986,0.01406977571411415,0.9627385092630014,0.8177546325435116,-0.6532968629246695,-0.7061696126388575,-0.2919863075091694,-1.1360020793604886,0.28842969226121584,1.5444193782256914,-1.2315453692103513,-1.2085022558577436,-3.0612467209408405,0.6028278692656623
4.563725523139303,-0.18962978800986102,-0.886186469195027,-0.8866062003486286,0.36441348837050697,0.2898896310521725,-0.07501164808621656,-0.2940451026262939,0.3515690666446015,-0.0077107065345567005,-0.09413898931836134,-1.6359094774788754,-1.2839823471365082,-2.16238134049128,0.8420175341322015,0.28384497216696863,-0.2669861196436527,-1.3431632638777569,-0.8912789729212398,-1.7421264937942587,2.396466727589127
-2.2478425259793204,-1.6585754407947473,-1.2305847084645838,-1.7139557702483104,-2.1444844337734335,-1.401244959142132,-0.447190569456093,-0.36308604766626845,1.4634057089919708,2.0968888979785762,1.0737086712670862,1.406631519137448,-0.6211260564925678,0.6728380075018467,0.16263520915071525,0.12466745237101048,-2.2942108278691613,-0.7570930624406681,0.3233196368263089,-0.9518115518791238,-0.1924689426470975
11.428872663635463,0.49066560847685897,-0.12822197380757608,0.8947459330690355,0.263870385182013,0.3238603586385179,0.20999070676287385,-1.0827642471413648,0.5552868139835406,0.026055508437832515,0.005014739970339824,0.320790747282311,1.7054115854057552,0.7421219881632932,0.6619743321528824,0.7065004948084821,0.9927261702903643,-0.4029928810113845,-0.0010279377566022815,-1.0182416493778585,0.05562968275448197
22.950821107706645,-0.620089751111547,0.051769982360550075,1.007939759765973,0.648807651182664,0.27704260089081945,-0.20680388411153813,-2.6905680774337077,-1.2199245365596927,-0.3727158710611946,0.07518765507406963,2.1780009028063803,0.844416743920554,1.8404695141878578,-0.6890677997888827,0.8874028274868953,1.074721974788949,0.09602990019863852,0.5589628340318747,-1.3774347374160636,-0.20058020661796433
4.21914499672964,-0.16218914642318735,0.0022308771908966536,-0.6835083298538613,0.13488621410681761,-0.03761290164673237,1.3625247629647392,1.4097956961538531,2.00433277377258,0.8814461467225289,1.4830998475570154,-0.4091044338185885,0.7330551894805879,1.0119649096082555,-0.6930013643462307,0.8475296385035825,0.8526185603747884,0.833552216815724,1.2156764139340472,2.770823756739931,-1.0627772962360886
12.559384179533481,0.528290788059183,0.5790477668187158,0.3174242448041134,0.7102874376528624,-0.11143121296879702,1.5026787561687391,0.08926727777949761,0.8357898761182775,0.5118824283531661,1.1153299396908398,-0.350499185982175,-0.9990221838673647,0.2326359004395723,-0.2945718451850048,-2.001809183913007,0.8644284331012992,-1.0246991460363852,-0.3250920059160223,-1.14156223855677,0.14114835157586936
3.891258095999098,0.7040457084694774,0.5424339869456588,0.011219060613852683,-0.14620858415058252,0.9124428065755796,2.233784457330833,2.6000885896790162,1.899371930849589,2.3484106797476105,1.113797004075236,-0.5306286517394125,-0.010114844877496344,-1.1764296211655842,-0.7404629422366528,0.3919498592391343,-0.3212120417850287,1.6228530271271429,-2.1489514763849975,0.009562732183694723,-0.0785520517218483
12.469484665218854,0.5810537303350903,-0.14922781263835044,1.4015012267134646,0.19112095016194283,0.13126311107845645,-1.8308014170019553,-0.7613332596774296,-0.2083517013473112,-0.6195273680983926,-0.23297735156337887,1.1247276750756678,0.961623679869979,-0.584489994329513,-1.665698995343869,-1.9659357634802004,-2.1021770617058437,0.9596124751368891,-1.056862979385468,1.4200898733151104,0.5124424627366346
1.4715526100701224,-1.3351205298092148,-1.3388551933015707,-0.8334863194517736,-0.5687998054128934,-1.152822057352838,-0.36177141285093023,-0.4809330389730597,-0.5878080562255925,-0.10434952819793851,-0.20906348810201403,-0.17265421170038997,1.131762582388093,0.6984282228018958,-0.27065265666500504,0.49580557331618336,0.2232515286201083,-0.2661555593803554,-0.41381518483774954,0.533549970970304,0.6240588049175418
11.171762400310506,0.47660861968339296,-0.12977647669722428,0.5169393454272827,-0.468843753052699,0.6366346937562399,-0.19448055215055826,-0.26482226871263126,-0.28404688848572324,0.822959398173829,-1.7242119186776046,-1.1115842258800954,-0.009633769032492807,-0.3429837195742903,-0.18152619177321028,0.34187612583030863,-0.4636416152252268,-0.9357374279305274,0.22319579471081852,-0.42420221694522725,0.3453482513763627
19.95908036832305,1.452079451885436,1.2764587281473225,0.8555876764759881,1.3784328922095181,1.1874001758871802,0.8639225575815999,1.5562108576023925,0.3152729858369739,1.2956728532357455,2.304926830411836,1.3595241544965575,0.8273273138029436,0.4153682757794114,1.372913863152327,0.45521345482293857,0.5643196690942647,-2.233228325414426,0.13342680376244362,-0.7777818463422481,-0.4058334564702618
1.7622406955047207,-1.0693909809584907,0.1158824983836504,-0.9357523514926462,-0.2281621781513064,-1.1669368660442596,-1.9802652497354203,-1.376066404829399,-0.35959275991252987,-1.9506310575835735,-0.7125167772734706,0.23271042307922557,0.8689878250442162,-1.2597342542096674,-1.5693847249968507,-0.9301396377841453,-0.1277086358657628,-1.9208388295539005,-0.8888957532319712,-0.7188730173225855,1.212680519699
3.7897325698629354,-1.0462679305604228,-1.8115610588245332,-2.1682653756140553,-1.3792522208386406,-1.5594986196856346,-1.3921507060950695,-2.0175875951284463,-1.285935148537853,-0.8243278883471141,-1.115923520922648,-0.605286296199494,1.1204231550459418,-0.4259299564089071,-0.42878339870071025,-0.12050241272477667,-0.9928421509323444,1.1503850949326992,0.051824024268321764,-0.2330480845004042,0.4418481765380065
2.3871231332858605,-0.3544045115424934,-0.37799279460980817,-0.2173136087753812,-0.8893654403864956,-0.4501582741667408,1.0131575031550424,1.8991370954056106,0.2222379751806485,1.1294180162991088,1.1876776952569865,0.05443984223404211,0.456976802638892,0.7552236232733358,-0.11124593018587633,0.1994350259297085,1.3098034161061063,-0.6358369724261752,-0.36640264283556706,-1.7086561366076272,0.22721082042093702
2.935448433736295,0.48355881313307875,0.8368128551134529,0.8705936997249593,1.0109308496588632,1.0370214319756847,-0.9888036408078562,-1.0978870298613137,0.05040428742172524,0.05582636373168424,-1.349092722333505,-0.24469013421787736,2.1069283752133883,-0.35497689892112866,0.10263849782813861,-0.533227302006392,-1.1860159507999928,-0.32517484358960297,0.3880400937928969,-2.558053409883295,-0.6325104545896415
1.817645022500023,-0.17196961713135708,-0.6842899306600417,-0.015841156588663613,-0.49211052088588497,-0.06635731706552211,-1.8240564771544285,0.012021901441139484,-0.7026221078704495,-0.57808570348972,-0.08103563331927535,0.3965909224326273,-0.5050786327222834,-0.8019161627792037,1.111494732549625,0.6248792853616137,1.0305109268482673,-0.5748229290407814,-0.07364819804570547,0.9300694144895715,-1.882397913244399
11.91528377813234,-0.515710076298922,-1.1274750847125037,-0.48074673741185453,-1.29468815054874,-1.1191690616808376,-0.2397026946139787,1.1589120993578295,1.503078095388655,0.1889810034697219,0.4974026812869081,1.414725094309553,0.7533824504928428,1.2885242622722128,0.6159199947713349,1.1434610759272383,1.0845456137737188,0.49816415333966757,-0.6068634888027359,-0.5735823156322516,0.2964315179760754
8.696611082020269,-0.8710808075628546,-0.03484013210554917,-0.3069708860446199,0.011152306169028818,0.7765983071113646,0.8286525083227738,0.3664953557595935,0.10697119753912343,-0.4022119192786927,1.402418345964581,-0.13949844239296863,-0.7235706517077817,-0.09758918531807632,-1.6376124575938056,-1.451631977553705,-1.6350469692804137,1.0399260696419927,0.6486417831370782,0.6324147365111814,1.020190302868921
4.412706743983048,0.5078634564227108,1.2690236223840168,1.3135322184978027,1.8058432660550119,1.85386459893233,1.6831506584450837,0.6800011880365034,2.153015632072494,1.355873095596028,1.5907985214745552,1.6334619405426196,0.460510108639649,-0.5149276028113698,0.6180001945950298,0.4501320857911251,0.7634128884345264,0.2217904866407192,2.1975495794063042,0.07941904067753262,0.18045596212615894
1.8283597020583096,0.27658193327107977,0.09457497223213958,0.20737281636425894,0.03963229864828722,0.34139433560165533,-0.5539242361738268,0.7735250783957346,0.8682545827764386,1.108857384447222,1.0946174111777967,-1.5028632277591294,-0.056345170979651645,-0.6081131493831011,-1.008294063292088,-1.5134266078551746,-1.440525829321154,-0.10810778170604478,0.5233735676924325,-1.321486138031597,-1.0814451563631944
6.370256892114073,-0.4012260794780871,-0.5648061164226407,-0.2995430217070789,0.04870614089554414,0.3584367218087058,-0.917387543309731,-0.5059997148706268,-0.9764356146294098,-0.2868244325543036,-1.810772395131221,-0.8952290952952149,-0.9325735988442984,-0.00966563542407762,0.7509785294903198,0.43534873453725476,0.6944209472247124,-0.30638062078866657,-0.13478713807749762,-1.4854256771526495,0.20456701389373935
7.29862672242055,-0.696756187198726,-1.2468646289566927,-0.5374685515631047,-0.7972755175043912,-0.7110594695092146,1.7800060552932888,-0.1402616260158048,1.0332524884317869,0.6014450108040175,-1.0527977815739646,-1.3238167252894266,0.6926623488646172,0.268624686220919,-0.610410565183416,-0.5610366357749751,-1.5852702616842678,-0.353120937845571,-1.1032410825953385,0.7282398392265534,1.5125590024379434
21.326824091241555,0.6353902640944746,1.007708715084207,0.6941603363870658,0.14313864201086707,0.6865199125008531,1.2942616765210269,1.4460118162002749,-0.08032769963735693,1.695974522952413,0.5352974155594658,1.2358352918438331,1.1916730883438993,-1.5765415616937402,1.1320765057732145,0.2606724086521281,-0.3081425492126685,-0.21816263730907598,-1.1658558443296023,1.7990880982214676,-2.28005916918334
17.27936011720491,-0.9075220558666907,-1.9011390951754297,0.8114924005195706,-0.7476900376450201,-0.8831374237747432,1.6622703026175232,-0.1635797307595763,1.36145486256453,-0.5478062805131376,0.5642435396411155,-0.3803887289910002,-2.2564388684013865,-1.1717827533622536,-1.2201121584904115,-0.7455885029975784,-1.4659342641493587,-0.8276995843133227,-1.0410516361548325,-0.6910799677307992,-1.5006621407226899
19.11097122958842,0.0776799618030014,0.392394838954839,0.037346427496974165,-0.39399812372815357,1.0215359577438416,2.1650849323515104,-0.08016293582606478,0.48432650511352926,1.0715130791449494,-0.0014956945257655328,0.8991532347100405,0.41798335745352544,2.0380240827302267,1.1299289189034867,0.7169073702837557,-0.8652706583479202,-1.5640270359444766,0.732703527719067,0.40364615480687666,0.03621572199845356
13.440787559933984,1.1495894784408438,2.653004035513596,2.618022698440807,3.413277046719414,1.9826410843031985,-0.5531695551021554,-0.7072619149782536,0.045163617730670826,-0.14801512435919423,0.24130889604979036,-0.6160494406817117,0.48474979692313425,0.8753800350091058,-0.2968591973704955,-0.9680979036189185,-1.3119211218902327,-0.9036075745350061,-0.24978331280993682,1.653900705789276,-1.3656316917018045
15.774808567292741,-2.759016724132803,-2.760369848386103,-2.5657671411091534,-1.1789193422100332,-2.957037079443462,2.1657774401749985,0.6069681302254201,-0.8745653680064625,0.21274288131245092,-0.9167302273370962,2.1549659325605743,1.377255015834655,1.2022423811965677,1.3783560860456754,0.8128219368704123,0.283506600555529,0.24873101524399274,-0.15251043379130963,2.5536249865257865,0.04140109683327943
19.03892996477401,0.6563611864276998,1.3833233473975761,0.5660900526960563,0.36813780566950277,1.6266734591964218,0.21487751571537408,1.5834877768706257,0.3020167214304554,0.15568851284838128,1.2200136133562733,-0.8241601681725134,0.5871758771991847,-0.6250704946169461,-0.19549295247584106,-0.36377931388512563,1.1801874771805836,-1.282442216739026,-0.9878485262824643,0.8543359632223895,0.13533496284077792
15.712249488768961,-0.05965714279410107,-0.9061249697576511,-1.3329844587302648,-0.05574493709539365,-0.46811794482855723,0.8505168434138234,0.1236935393454022,-1.0677362788096882,0.5100008099643628,-0.5483722289001619,0.0526314967648441,1.4482281481373869,0.425332137890435,0.29991660799710756,-0.4771257878683835,0.8417938770726527,2.3042399762215178,-0.5120004324366495,0.5785715417043135,0.7101553052360436
7.064002567946945,0.7984657986261975,1.0033104975749858,1.0733291566959735,0.4041698715182713,1.218025355606608,-0.7449899743846315,-1.1249292113330096,-1.0298475489295167,0.2660375031942912,-0.44449700463525943,0.8182807356214589,-0.9722088686271408,-0.6250281699672963,-0.24041004525676388,0.2178686103262703,-0.5688280845392127,-0.8095313021945544,-0.7169149665060992,-0.8013068804237696,0.3463617269722947
13.49486266690752,1.8167649913521107,0.756622537186809,1.6752289643627782,0.27059026908537487,1.5993860381870315,-0.16837044087343905,-1.2229183874655387,1.4014133882614088,-0.359069513742512,-0.9955234141582846,0.673887369121007,1.3227545519530366,1.8736865287726487,-0.4156108770477153,-0.09991940809732262,0.035483448195171366,0.008647710198685243,-0.1786715504291391,-1.027373305346132,-0.4827174085175115
20.335989142421788,0.5414543994800147,-1.3819153621666431,-0.17195439377826638,-0.14797318626723316,0.5588606216037105,-1.3223617261788543,0.3354371647384575,-0.15135743853269729,-0.5052318785280208,1.0828190896136818,-0.18846148201966684,0.14597403991384478,-1.1007618665218886,-0.29811011956338485,1.2738265167139131,0.5513324869906022,-0.8126041568687234,-0.5135023026419153,0.921736322519055,1.0903850133502466
2.315749320126594,-0.420097177119989,-0.8602610799900614,-0.33855438376111396,0.3339790124168761,-0.8095830672319411,-0.9659924028136111,-0.9861293494025731,-1.731281287008572,0.08739948708617631,-1.6436444066086975,-0.6600002491826771,-0.1714610419598079,-0.6410662751800179,0.17725982176108745,0.01561572858080297,0.6706689765752619,0.22093177202934144,2.3184738721039024,-0.48194352815151953,-1.2775058284886818
-0.04914907918005795,-0.6191802074269951,-1.292883412644482,-1.8806193058067882,-1.7259650642195736,-1.3260012457938657,-0.7096297595343479,0.2182127237045535,-0.7145330135990873,1.1502045852880294,1.5617213747588812,-1.258076281996279,2.696266602365036,0.21701311828389402,-0.709070434355874,0.9829302156870036,-0.24831042549759147,-1.2072300917346817,0.8479331313335722,2.1254983065910436,0.6754952100667476
4.247028626055657,0.6521742174455976,0.9610756089819671,0.0936028837329102,0.85406153228103,0.2190165150221735,0.18330254411848024,0.0245837850327165,0.676292316257189,0.00014742849967155046,-0.2845416446745079,-0.2271948352917473,0.010833144176858024,1.2670396375093398,-0.16343190194288895,-0.20601424269108612,0.008210795500313424,0.5477229833387268,-1.3842429900587836,1.1503271505045516,0.1594565470257889
7.447980912369558,-0.5999500210363391,-0.08943901528848987,0.26368462171671375,-0.6966494714394966,-0.2057864133252874,0.9213772540875539,0.9498626255049006,0.6479147092136698,0.6293311773496609,0.40812090068482054,0.9825320003628545,-1.0024990763333854,-0.14833321708085492,-0.13432183725394437,0.4238927357825874,0.5685669439717922,-0.5447431058195404,0.2595771546999361,-0.5450730666516075,0.5126415249784125
22.678301127016887,0.1515734615768368,-0.5503867989241614,-0.49281981028748467,-0.4398700457167768,-0.58957657156062,-0.4583739434729993,-0.21458941599007297,-0.7409314348371443,-1.130138376016744,-0.40636258477170745,2.809462562483575,0.8207123863806304,1.1169516447738705,1.2047030125397034,0.8869812874472406,1.2024643620207773,-0.552290009485,0.5268122456291703,-1.4321201713009604,0.034647013603338904
3.748561524505505,-1.0021310381003379,-1.778355166218944,-1.8844924470026638,0.029067550411178884,-1.7601323415553942,-0.2245575686204625,0.0715560062238343,0.5221489485602797,0.24396600691975862,1.851527389775636,-0.21638050010254328,-0.4903045670908949,-0.39334663548917176,0.003936605029219451,-0.46314349943728744,0.8619379095401426,-1.2741998522318354,-1.8858833384507403,-0.2674128758398111,0.2420290415458482
-1.969460605304894,-1.0777458803961366,-0.22778220359419923,-1.4242824136975056,-0.8188270714191465,-1.947114315598345,-0.3914102755365551,0.7299163132351734,0.19072230416220373,0.028164443556183177,0.40702225569583506,0.6955824806397912,0.9272000702238846,-0.02125422939648142,-0.21699712974357213,1.6209033846989136,-1.557412973075271,-0.6540801605056724,-0.20353433308262245,-1.2459918855143872,-2.040202667925187
2.743880146447636,-1.3690472295827358,-0.8726763738596923,-1.8420130485309774,-0.261464872848108,-0.6270147746911455,0.3080549085064907,0.06687701775281857,0.9885416570832704,-0.5951472033286993,1.2841572450829475,1.6139568386806968,0.7719263395606377,1.5427559249095069,1.2188659678954803,2.3293729602297972,0.2984167104366349,-1.0760372785436263,-0.4571185360735216,1.3339743015717507,-1.150793514956435
-1.6343416408538534,-0.19837799843785825,1.5490838817822707,-0.25543308237167395,0.7008693394720859,0.16549242578869927,-3.0290875705153923,-2.080193002916437,-2.6287416624157873,-0.4423899089300457,-3.179355632711281,0.8857217569926762,-0.9822983124348557,-0.5914450222031992,0.19341327192311075,-0.27545402415639825,-1.0387832064393463,-0.048404834278336265,-0.8762172453073886,-0.6528414385628524,-0.5870445013842629
6.075096991292879,-0.48396017961843885,-1.3176980327700694,-1.4320021908539264,-1.6977030941132807,-1.7303613651919798,-0.4436360818843497,-1.958584726079277,-0.8569199000780647,-0.5291832654607751,-2.086611322442433,-0.9207586889513042,-0.38015942766393945,0.4245119468147093,1.3004840757488243,-0.3719737143661722,-0.7306783186834722,1.2187827650950647,0.8730800963865208,-0.23405961030870648,1.1109525530923854
1.6767276368055661,1.3816723509507431,0.5640637746719424,1.5291393609925876,0.3824950759094026,1.0500427920843316,-0.38426193701790595,-0.08082515306235608,0.23051542515679305,-0.06356016288167635,-0.04446146090656318,-1.214632035536857,0.3237911505340676,0.7948097555992012,0.0538742325084216,0.7494434230677833,0.7770845478081736,0.5854090694858446,0.7069642634841042,1.7307263607443468,-1.0999870948650818
11.855501981092152,0.43743351528774793,0.7887100869474553,1.6222523983124122,0.8162442113214701,0.6154598984600695,0.9230870489076656,1.7546013722118385,-1.4235340790237696,-1.1411718869752436,-0.11191445922199889,-1.550023893591487,-1.3447183218057992,1.332950986061855,0.2600252560810825,-1.401483349471189,0.7515451374029206,-2.4888403312532112,-0.19134314831492402,0.1944330827266062,1.1026781951713904
23.53819935932129,0.4841829555359015,0.24847226901924777,1.69793636997968,0.3052946329773514,0.31539837867828235,-0.2973363044854261,-0.7159885029681172,-1.3676128130896474,-1.0165006708876916,-0.48959750287302023,1.6437218321370934,0.05237344941832329,0.04566271408330721,-0.6304296456696722,-0.6205032514693233,-0.3410444092462171,0.4035703074102906,1.3972253338388099,1.894810747582867,-0.3066023344963158
6.748498201046909,-0.5230690639718918,-0.5227272330308474,-0.5277479668046575,-1.0277699495935406,-0.3941519015348938,0.09494835466210365,-0.4020518712199591,-0.060758830071097066,0.0820050667707894,-0.43180852940087266,0.40035611128648946,1.2349086469535269,-0.2719603616339644,-1.0805846414593914,-0.8383942190188031,-0.13172268699573123,2.368071096655412,-0.31221856093753564,-0.5415719361476802,2.053701984079977
12.807762554440572,2.2805225493401773,2.326463935935034,1.766704933328679,2.5608692119262466,2.5768168070373227,0.0966788024616283,1.6807731335821583,0.9084346478508245,1.0692153821018902,0.5735790801467059,0.8041748298547284,-0.5419342611182302,-1.6591141535628608,-0.6233548883849039,-0.45368703267127153,0.16225461963532262,0.22452624702883894,2.448730723892169,0.7985873565327014,-0.6496966503986411
5.352136068646293,-0.33558651431518555,-0.3527494077890156,-0.6741719472976442,-1.088923059211518,-1.0034474126141315,2.69985804479219,1.8166057147686951,1.502483400735546,2.0501539364035892,0.16973628342946473,-0.6022652464483086,0.01456730068447945,0.30064467241904824,0.23309872045560598,-0.444726063480659,-1.049183053806225,-1.0645814035948133,1.8258265198759935,0.8619672700753803,0.5788650543670983
15.624736104114767,0.18390549541527795,0.6106961432727922,1.0271686114982468,0.9484194399613434,0.7736499914618119,-0.41030922284144894,0.879964164847036,-0.03997533274249638,0.39426722399675423,-0.7172558729670234,0.36021835365208854,1.005697388349343,0.646897336349434,0.9525743489117079,1.5479721311517047,1.85145019114048,1.0086002442992812,0.7890834207589514,-1.2557137710375703,-0.41153417049642305
-3.360091367993478,-0.5429393056857097,-0.9075126377816143,-0.19649974103632284,-0.06524293583966656,0.010541346407588558,0.2661275913368276,1.543377728879202,2.1307453154119345,2.233416358389588,0.5104497246912594,-0.6803477676783075,-2.175819871805458,-0.15605592352529413,-0.39739874235566397,-0.4349813116402293,-0.4006050898844986,-2.216471324644503,-0.6463376144271945,0.2868653117415815,-1.2305117580582938
18.420891926884284,0.33382816880944244,0.41950263225090434,0.5331159329773727,0.18151905913903013,0.4852986852450299,0.45085274845437107,0.06071434256519349,-0.3957477646720797,-0.19212558613958997,0.1416099077331687,0.13178081196582275,0.8666943633271355,0.6729465243088568,-0.9756832022166773,0.15857154471535276,0.16458929042018047,-1.0597108262398098,0.18683606912846304,0.1001425660845495,0.0401601488686724
3.028741626030839,-0.7071080613837659,0.41495871006268775,0.5099084506725965,0.21329200767351966,0.10665400110870756,-1.3800274472423777,-1.5010857925658148,-1.028832688715965,-2.2595541896377824,-0.759073443232865,-0.6771818347372683,-0.580488873147513,-1.1705411250727873,0.6461375596255703,1.2887035565504539,0.24313263548047467,-0.2927108334532585,-1.7494347698429658,-0.08292928558724345,1.3850602037758475
17.027593909527027,0.014502122261456182,-0.13944245036829828,0.15667729942197742,0.21665097227071098,-0.2059868472556577,1.3513418551894654,-1.4855909076166551,-0.6439702389490776,-1.284600507972854,-0.2239515700619636,0.9515714274905283,0.7485712857667265,0.91443448016557,0.0702373770229607,0.6923413058447909,-0.8494359640470246,-2.271730422812063,0.9021147954529466,0.07770171950607781,1.941110129409609
8.859659746156588,0.06295836793900941,0.6903729627249973,0.8018535360491842,0.02781112017296548,0.2718422930062009,0.8794959779127507,1.341892605577245,1.8430361331962506,0.4037374288802424,1.2538698134446262,0.8274004793636554,-0.30095261177275706,0.5701554089592908,-0.9256761086801272,1.2511770404227154,-0.7726983889021976,1.2417240270281662,-0.7279561362185779,0.6183860196623793,-0.5544268034458355
5.494958819518494,-1.6368041928238815,-2.9677476154367484,-1.325129824005593,-2.916501692540896,-1.041451163991773,-1.0169865417394561,0.9481041912032598,0.5650207159278695,-0.21448643527862502,-0.357886027782062,-0.4481050071641612,-0.018230662068773083,0.996920439012053,0.1793078113406133,0.12057118681432409,-1.8369281941518727,-0.669247908424262,-0.20933682062668796,-0.48939052715887854,1.4911746802455799
1.723468942867414,-1.0972084145539727,0.1485448703657886,0.48369817550676103,0.7371341619008775,-0.7542659712948121,0.24257938894739414,0.23304837241797324,0.12809841803108912,-0.15182243315239644,-0.7050323021387501,0.23308258023528441,-0.05267194218174115,1.6223583985851027,-0.005964758776372029,0.9755920908776381,-0.45529596248548565,-0.8836991281445413,1.0008438186926591,0.600884402300502,-0.9270489355996296
8.810724566803763,0.2758734862824772,-0.6292930525693124,-0.2787347358761821,-0.4480854110423854,-0.41508483647366906,0.038771287597161856,-0.02439213799862258,0.388389368329814,0.2612946024989633,1.261292234758084,-1.7460619092575718,0.03126660931661923,-1.111177961971216,-0.9721856823591964,-0.6995035670540002,0.08326826469834332,0.4956215401488644,-0.6599171353300362,-0.248931820437601,0.1442875903386648
-0.6204486527773048,-1.9821381735178334,-0.20799903789636365,-0.8707553896902621,-0.966629927255125,-0.373533552270504,0.8752591751097019,0.7102431252653746,-0.7212141803579069,1.1808508201758687,0.8438574667910053,0.6561138036894165,0.35507486733878885,-0.057958178123884325,0.024676387740409287,-1.8129662655059113,1.4280173498720143,-0.16586655921648538,1.63806308932598,0.7213826082057522,-0.25819420232151086
-0.9321466347704277,-0.4743134596019534,-0.1658337650619736,-0.94880838726416,-0.11827556910189933,0.1027781038801914,0.7472127694742475,1.1256031510380078,0.11939733623271356,0.4383338263776233,0.054278993678482004,1.7297393950420679,1.055538104023315,0.47653031483047137,-1.01540083986573,1.194212098410753,0.45259273777000464,1.8547804793372837,1.6168022753720765,-1.3070660792176103,1.2933189598386474
13.487268089885951,0.8421091502799607,1.0743330454330369,0.7843983465874816,0.22292102985654605,1.3701810656187154,1.3788161590257728,0.4670788341252743,0.24825706149480112,-1.1578842359684147,0.550883452858904,0.4676832246442388,-0.9962412017180976,0.40078396836260544,-1.5324082301709117,-1.7195501729892184,1.0627691089544227,-0.24691234496463388,-1.1676524676382307,-1.4351782794781998,-0.5899619260830181
4.7766576453146605,0.12421358166057442,0.21980286919619574,0.12548790917344171,0.5746025612535389,-0.3967957712555498,0.14637840420146475,-1.8821092251591491,-0.3405135315107852,-0.9615328796486222,-0.4829399521536799,-0.8075158829477423,0.27465968237205424,-0.36632680761041264,1.147501475286489,-1.0064789949649187,-1.6648932983738198,-1.4279732501977658,1.2589884272104095,1.3438913211881114,0.08570643872969098
-2.940948937645553,1.3700895428873272,1.6338815424433215,1.0079233462567851,3.005727921721733,1.6558535592777943,0.2163264315476274,-0.8283624129424242,0.15161480211898468,-0.24490952488557402,0.33367926127992936,-1.2554774500864394,-0.7598390878924677,-0.4829242170303266,-0.43610752548498055,-1.8066665707874525,0.44143740170035073,-1.478426951849982,1.468063930771576,-1.6921144850156897,1.4283125700602164
5.069808677933746,-0.8792850259661755,-0.6771740605778993,-0.36013763350397876,-0.03267700332758429,-0.33856993455278006,-1.612863597679448,-0.07319186486127313,-1.1359788346489599,0.0064609893559393955,-0.19738059923299997,-0.47210697086281006,-0.8916691413165269,1.6736570488519824,0.33000588888218674,1.1108525276833174,0.12333362856595599,-0.6661491741987258,-0.4160710636353631,-1.682629436153138,0.20738377838209893
7.757759802376129,0.6092699696691184,-0.001811002149272103,-1.1800429599679332,-0.17876703833126492,-0.4263624732353196,-1.1189137977580539,-1.2145864506194899,-1.511302995524998,-1.421711640122728,-1.7443832610939798,-0.2852394097133912,-0.2246529647716529,0.07126330315515221,-0.23820254310415095,-0.6772564990027858,0.09716619572138976,0.1430050493000759,-1.4467379064920374,-1.3281919828358908,-1.6257209476130396
20.939727193193022,1.7565066127589417,0.5989421727635963,1.3072925748278144,2.0980198064492828,0.962913721040552,1.2697245414276557,0.027146284217241714,0.4621226399758402,0.226262867119126,0.2700792320194443,1.8147716138817593,0.021431088919133052,1.6809368617304825,1.934661301870748,2.890532745204042,0.4291343439536101,0.7758302109784652,-0.5959390605378274,-0.24906954997705516,-1.1197504753578593
6.624684510237341,-0.515673071275742,1.851782376341297,0.04940136589199157,0.40589105985134505,0.17577338284870433,0.8802996784666223,-0.7731657406989726,-2.2577875565218712,-0.06018664153210061,0.09388891638921895,0.002170690416684585,0.2390352566304537,0.25365561129194175,0.9682932870672214,0.04662504473312177,-0.2372992559954744,-1.142355638581234,0.8935037012440867,1.6265584405875546,-2.5546935151024575
2.0081132818418457,-0.12093913687200918,0.30028648522342194,0.32777967338092967,0.03129132339110188,-0.1686819098108068,-1.942830449567432,-0.8136672158009214,-2.3197618191777987,-1.748927593953145,-1.6619711175634628,0.9795423267995934,1.156023029104758,1.162778712185274,0.5456452495140397,0.8297704958089713,0.0875643642046831,1.164476492927681,-0.4312745109584995,-0.27536777092706877,-0.5297141592201514
17.71194877521684,-0.3970300808969441,-1.2436246169144631,-1.6828935003769832,-0.97565725567542,-0.9204583979398916,0.3953385466482309,-1.9841965107756774,0.16283229462304402,-0.4470178107183713,-0.5230818128274715,2.0186305069228516,0.2571591364399337,2.048234262951282,1.9200022842234155,0.622338776739151,-0.15939536059262863,0.24679142627618822,-0.09700965107907508,0.057069822953922204,0.7789937268385582
21.25197446316647,1.3899552888926674,0.41563510432831313,1.2350215516987992,1.309459188165754,1.550589651499294,1.0378530462519122,0.38223382741156964,-0.21369107041543536,-0.4097973237469446,0.3971079253797401,-0.26919742498119537,0.6091505954566987,-1.2293026562599925,1.460796380911767,-0.6929089968756392,0.3934783430880501,-0.08444875599495034,0.5284120567914796,-2.0656285058049093,0.16486065198711225
17.562793118085445,1.4943268599211406,1.1501486298731727,0.8518105461138695,1.3862793650103882,1.488336588126149,0.0492470512374795,-0.22388713863074694,-1.7870192762887014,-0.3197831485780346,-1.163911008665495,0.5601068627342246,0.8692084662417839,0.5603662762757224,0.4861629594492781,-0.356702958080607,0.20056188478442769,-1.0301227552654728,0.3568073029185033,-0.21744864736237093,0.6092263463542751
0.9708014751555538,-0.6430232860853279,-0.9680171760559074,0.15570572937457736,-1.1035791710786356,0.48305819386445553,0.6392050796867712,0.823229779224683,1.7661392327392864,0.7161806780344642,0.8831607323631763,1.1097612421569973,0.6143022415887156,0.35573726566096914,0.26266170571046715,0.8137166664214461,0.41839061736957506,-0.7193025408160099,-1.2856433386826414,0.1070482837091841,0.7365660988144042
-1.534135661162396,-0.5117978005090986,-0.12643954386559925,-0.03870142962626391,-0.007010278497496026,-0.4815547103775389,0.040112743092828806,0.3073565852216188,0.55454226676857,0.6860489600024072,1.1134595092500388,0.019543724347442566,0.9003763523352554,0.975151079004003,-0.2242937478384102,-0.28167651282021217,-0.021139844453568535,-0.27847073773457287,0.10282967864591375,-0.029402138750106218,-1.5361138431360541
-7.25708685070223,0.07486627225998747,0.7327814374262906,0.08768496706053783,0.8306712890992024,-0.004009545301603915,0.8174489665801986,-0.10578493722500525,-0.8548250472252377,-0.7956207644336093,0.7804659065186016,-0.10990833012180454,0.8345226738779175,0.4439327779650676,0.09634939146451706,0.6617324566960012,-1.2620203808292094,-1.7990443567748102,-0.6157043248313893,0.20712671512404673,0.29917879833850164
5.977499826732817,0.3266282812200003,-0.17973346201105683,0.026189902744100588,-0.505622320124375,0.2906714718883436,0.7760163721004134,-1.0211872774880906,0.12787914797514002,-0.42529851175747374,0.02622709152794936,0.4520140818290471,0.11800613240693882,-1.02719250482566,1.063599445486428,0.5840095834711462,-0.035482796597457435,-0.2991687186195802,-1.1201229859571782,-0.08893331217055507,-0.7698805155145537
0.8760911570993857,-0.08491012331628163,-0.132922784325863,-1.23763900132497,-1.2481260393400477,-0.3179978318420706,0.45921339109865217,-0.4807665480632541,0.4901385111395398,-0.6391287367031385,-0.5719048004167568,-0.9356066798581951,0.8012843456091177,-1.2213610290062336,-1.143104672913225,0.34485521038331013,-0.26781559708261654,-0.48502666603945516,-0.7992015724573227,0.5269310613278212,-0.47553542477513167
6.6263811001386586,-1.6715622267564785,-0.9046911638003544,-1.3594997696126758,-2.437641143257519,-1.3839977868418967,1.61487122871714,-0.12173249782868696,0.558991334270161,0.6734234745166366,2.1974527081037647,-0.2949065826595364,0.8696013247345513,-0.3983089961654612,-1.4171160958044864,-0.025907864810606668,0.42541858847722164,-0.4716757219643689,-0.06097836581537956,-0.4960464656416503,0.7981033680925613
7.290548935433114,1.3181135684654057,-0.6229227227969514,-0.05381071199321186,0.023023676232434908,-0.6567832103164241,-0.2665017390652735,-1.9194866930375132,0.5372202600800191,1.5598277260300666,0.13058628617339174,-1.456556596225779,-1.427233305270506,-0.49823804142508815,-0.06073382933214951,-1.9701578732349507,-0.14398821613969012,0.8020900263178491,0.6585891103641913,0.7727564583224494,-1.306248328640296
17.61679970764333,-0.2480663226290411,-1.350983506977805,-0.3988933659719568,-0.019321725074310663,0.6770811014544521,0.08344158652601061,-0.3702582299482912,-1.0138699110279263,-0.6663844952163356,-0.011010588945874668,-0.20642489121922816,-0.49222430925043253,0.08244545082797912,-0.25829134821351357,0.38950385084825356,0.19754929050890935,3.0002517902804526,-0.1046255126286164,1.2322568282572424,-0.9173459651667539
5.745587059930416,-0.3466483460169848,-0.7149155896946934,-0.6780819274408229,-0.3884408526156848,-0.25964548457824055,-0.21209963508880456,-1.0882599211289616,-0.12594725378834315,0.4443505902799845,0.68964866940902,-0.3352162959672074,1.6975939304364804,0.04453525803598999,-0.23510661321225218,-1.1077296221624016,0.7405077432080659,0.7403261588284873,0.779533927214719,0.0536986331516271,0.3227068461129142
15.138875009463789,-0.2362827504705847,0.22001258704509433,0.5908648222175272,0.41426497700036985,-0.16908478875942928,-0.019567975755096154,-1.1995708310847177,-1.086116571628963,0.46993325383251866,-1.037077214387833,0.11844058605353859,0.02518036304482308,-0.7237087765559398,-1.8494735916220264,-0.5082803135042369,-0.007236129418795225,-0.06766256587214879,-1.04111669420211,0.7891373913359513,0.9124718206203202
15.848941415468028,0.4268838955317247,1.033839246353606,0.6323139024813903,-0.39213047556911074,0.40487724069480846,-0.011462668483440302,1.4267445951795437,0.15520899575804176,-1.0104641897664373,-0.2368771453277483,0.29461493448204434,-0.10586402696791633,0.12833824417387388,0.8230580640675867,-0.9161733564782795,-0.7367794558922229,0.7805559261547765,-1.3295606267427231,0.10936096151509,-0.6878683739412156
17.45373282045859,0.18265371155165575,-0.059936657238762736,-0.23608829875631743,-0.05145244723089789,-0.43237947223466816,-0.7324483467797247,0.6057767758259457,-0.5853492668972818,0.7698626561526922,0.3471629815061323,-0.6534548701061087,1.0181398661244232,-0.3423954376999272,-1.5460428937753363,0.12147625806018651,-0.46624406163342896,-0.2618483303497984,0.90033507719836,-0.8992561641151341,0.991220152285555
14.535870505966852,-0.831320487267637,-1.1856001303106192,-0.2395465159429855,-1.1226803015530735,-1.113028161794368,0.8047419515915877,0.9637498336713197,0.9555187257969043,0.5272458020493896,0.40898337314397576,-0.31250649476742026,-0.8786931784262008,-0.6610530231840691,-1.3584006529579655,-1.231300754401162,-0.9367628283060219,0.5570645517722449,0.6796008486286759,-0.014853194750524264,-2.0909893036869684
17.628895093966683,1.424232675126008,1.208468397196688,1.5420054968344408,2.103055034535429,1.2716890935466214,0.26296662527922143,1.9253195860238193,1.2724337835285588,1.9482093861239766,1.5028511964610638,-0.4096246220840673,-0.15201980081672165,-1.0458050185656567,-1.2693526750905753,0.25669827610884727,-0.32019376032481317,0.6410019604558361,-0.5170431373094994,-1.0802075997490836,-0.2149419952621928
18.562374437088394,0.15740346367298544,-0.7362654034952317,0.06842863674113245,-0.6485985592587663,0.3124685307264386,0.5244891995809247,0.5819492858406455,0.6430804407560768,0.9084094225129309,0.40241761026503037,1.2535540711251192,0.2974507689745924,-0.14773332671362716,1.5740717460968137,1.4684416749690359,1.510811236733724,-0.9762030517041959,-0.4258610347002732,0.6419634588998291,0.9921215468042067
13.222176657907168,0.9001144466538679,0.5188924794486204,0.48493830900556145,0.7555230062308305,0.4890716433890246,-0.7936675500573406,-0.00266049602121035,-1.218790403129437,0.02376332973721537,-1.4016136167880107,-0.1319820898238124,-0.9069025534214084,0.723275047513783,-2.4023128093259296,-0.8949768834994405,0.9038387054301428,1.2614124736137176,-0.23843236736007548,1.0862346271548209,1.6499071645057346
8.172575527445911,0.829046658643033,1.7095739008624775,1.779812774377721,1.329204603567897,1.5126962922470428,0.4520552598414234,0.5550994118280507,-0.08431399135439456,0.4723627168674328,0.8000293583391467,-1.2625441477404622,-1.47205542442232,-1.2671442381527465,-1.1234460328112108,0.23215194596424227,-1.0771848978306713,1.068623398231078,-1.4232516042931014,0.9044843477200206,-0.798054752971017
17.276181486318634,1.9180789411626746,1.414119340491435,2.348541481706896,1.8608879482471665,0.9730169254304438,-1.233819212322285,-0.9076574643929453,0.34419619031702414,-0.8829966744601833,-0.41204554209937894,-1.0225784480827818,-0.4074411935937474,0.31896162695839964,0.40095839428957236,1.3891748513745918,0.3389489110613536,-0.7179427548302499,-0.5825420277713885,-0.5247343769375038,0.007853201550758011
10.427047194219677,-0.31258093949316534,-1.203683215666611,-1.0847068165389546,-0.233241455133338,-0.8405194325402211,-0.8494422812912301,-1.9710756858039684,-0.9169611887976321,-1.3845924541821655,-1.2611439869560221,-1.021668666110963,-1.199076394413931,-0.7303549529527323,0.3320651307628159,0.5182989245184599,-2.2134516749928506,-1.1713951804950984,0.7390472002672446,0.18395033116129256,0.8473512665434939
16.858645544536447,0.049020952383233465,-0.17629171123735232,0.3497244011697016,-0.020876640279012613,0.619349699509629,1.4971089050111557,-0.6195661251057878,0.579730373606329,0.8424549686347913,-1.1606470887313551,1.2607264103073088,0.7106353680788207,-0.08849378801834329,0.5257333573033346,0.6487005385470775,-0.5561744790854135,-1.833260777187052,0.3055972894782311,-0.7097735102783799,0.07854809558013182
2.9981772269919,-1.1481277420476108,0.9137599542182545,0.5262177055325186,-0.2663292509470758,-0.3187466270078728,0.9048113918953505,-0.15071634950577004,1.0479891075098182,1.164733095128052,1.2576256378108441,1.1429383334306902,0.20868094803531861,-0.04490518786278508,-1.1828542233226496,0.5168868514366245,0.8301015071712345,-1.4345811672950983,0.9371155272676517,-1.843408375568739,0.19663865512674458
5.824078270669228,-0.842474168603159,1.121476964899021,-1.063451330437615,0.5221900271072473,-0.10387547922374558,0.3219552155356471,0.587785877179968,-0.3353074582655903,0.22931746450468363,-0.6252410210788311,1.1271444591498534,0.32869201259127007,1.9145969106707308,0.90707322373139,0.7960410261167996,-0.31240164956619193,-0.42689534238404586,-0.3112783281572023,1.064880827488828,0.022808666555816554
8.691581809875517,-0.0978013674722787,-1.0506173764776512,-0.8593667035879092,-0.01885149408659422,-0.049589665554297786,-0.8166848414331146,0.1393111285726491,-0.7727230560872025,0.5068416593197426,0.4121056259458714,-0.05570261625028301,-0.3436575095505281,0.4072515124497575,-0.3986288650240054,-0.5700753440054869,-0.0990289788653621,0.12062811250055072,-0.01230950647149215,0.3012464630543095,0.0770177061761086
16.528656441258967,0.18683959211453804,-0.43821489919355766,-0.7241668117598737,-0.43117420703726667,-0.6805199595051329,0.6349417081757929,-0.9535562466280921,-0.2583995796805989,-0.18382646377786838,-0.44693962532623216,0.5771808036655633,0.7822515570290832,-1.829355741548261,1.1607176092008902,-0.6615318798542482,-1.164114643964094,-0.7619830223050721,0.42331458266063066,0.6789951460136551,-1.1336881964123506
16.895897158634767,-0.6981455994154127,-1.5205325808545886,-2.243873948869538,-0.3996041913520693,-0.7471423170016419,-0.4606283750724756,0.16908676026523384,0.25494525753332375,-0.9124963847700822,-0.5929794297774402,1.8919110240198749,2.464893807836339,0.7902097221899239,0.41997237761386363,0.6692252153281096,-0.8167399241524136,-0.3794342141751466,-1.0840158727214109,-1.7493798534308467,-0.43806885756164987
1.7839690928841212,-0.5283114200602069,0.7342391336115809,-0.5604330543598083,-0.05325821909916041,-0.0357941629793969,-0.6842057652842677,-0.8607899559333964,0.6538557411538404,-0.8352415404768728,-1.0771302773190992,-0.4873461743374721,-0.6528503645755246,-0.6604392077041472,-2.0336303827485427,-0.26984589186089775,0.16575598718026355,0.26041357780324603,0.568433022393561,-0.6705724505853515,0.07394148285443702
6.706468333856526,-1.066047267004669,-1.3935066862327001,-0.7863231696497609,-1.165642441669876,-1.2416171933228668,-0.6875829446575634,-0.6156421265321591,-0.9803704559621877,-0.8214882535127912,-0.807859656921006,-0.7793929345559907,-0.8929129852970472,0.7864254397082547,-1.2764441391749421,-1.1490418628226893,-1.1678875934411903,-0.8317587497637939,0.2367090524488365,-0.040184347964364334,1.6587736460431706
15.933456422139082,1.170249217216697,0.0756898208348632,0.14399078182896374,0.7410036544540064,1.4742199675891328,2.0622823923421865,2.0062636920416237,2.3893075697441253,2.3630483528986383,1.025180394218381,1.142318172741321,0.582273949541758,0.659771173164447,0.6634570507929517,0.8240918599450626,-0.06824284024052207,-1.347901708261281,1.2338029291624666,-0.8201863418943514,-1.5217955766503448
8.410931352991616,0.7351954212360075,0.5750384510509057,0.1588292920224406,0.4577959538903991,0.8359405387509419,0.252245354939724,-0.21321300682167557,-1.2993108371535298,0.25015100906766047,-0.29693101846331654,0.5221995221714697,-1.0604417242236899,-0.4677897806912057,0.5189505268343606,1.170823668676803,-0.47473006084852276,1.5960703903689517,0.5694142124178017,1.0393721811926753,0.5169196877923024
-1.7742380141256362,-0.7649673305375454,-1.4551422171875603,-0.43721440321199395,0.0032683829512550814,-0.8766980515820333,-0.35074997936984703,0.07323344866543594,1.143736982469813,0.3916226000460826,-0.25025941401613033,1.1969239933159828,-0.600745016824158,-0.38827735064035757,0.5085346361586756,-1.23978536339832,-0.34702440628600284,0.5428452934917348,1.7828010764576323,0.9983309195652481,-1.7222660150456404
0.7832825251813249,-0.4765651655177608,-0.2443084760979859,-0.3541400474486646,-0.5058005196567102,0.21907869257132453,0.16974091084181872,-0.38617845193220357,-0.666931388877606,-1.0393109904755298,1.114014906737915,-0.2514501148703442,-1.1191850125533627,-0.36995948565159953,-0.4839586176376108,0.7127342457632021,0.9141158869153299,0.10073201902809857,1.8321284834935179,-0.5997479991600873,1.3720711446332525
20.88127086150988,2.8828321853510923,2.2609321626908416,2.5163000858901974,2.4323296094316476,1.9415699396963453,0.953195281139036,0.37412392046629517,0.9382032845994226,0.38410952594317943,0.6284473410242966,0.5223432190451195,0.08030909212661803,-0.49857672411347165,0.06632756191584727,0.7773406802905027,0.3941107196180433,0.09019042000353435,0.9137676390827152,-0.0638986879419589,-2.510612067202849
8.937193367780072,1.2209006974886056,1.1974632947264445,0.32977984819744566,0.4188507761313872,1.2784148960602038,0.13603191294242592,0.7620139032457237,-0.6904594653793572,-0.8981103759894857,0.8404193477421672,-1.2524768198530958,-1.6513144773940194,0.4963389035154045,-1.3230089951601807,0.9648655489859719,0.7347180892728632,1.87243446609821,-0.6976266380485912,0.16594979449153432,-0.025662824786036265
-1.1854253791330405,-1.8967551557907767,-2.2737594055786428,-2.05491186219889,-1.2394434720335172,-1.4630811152949426,-0.43997978379456976,0.29254906491869215,-0.03587093608650579,-0.723404416352081,-0.7285722754613806,-0.3217082594980539,-0.9066041395981533,-1.1754257294110004,-2.086662038940931,0.5324031491321748,1.0149678452732094,1.2368535026435405,-0.073276759596089,0.4252211201908691,-0.3707749907491964
8.22113079697848,-1.2091703213456808,-1.9384524371177976,-2.715421749226016,-2.1575437760666047,-1.782200215100016,-1.1587762697697048,-2.1010442376112186,-2.0490705834553564,-1.3659706414877268,-0.6840851797033229,1.1289603558945287,-0.7711094363957852,-0.2018824157309653,-0.47936149129962613,-0.8130843143532227,0.14092360665103587,0.9461773475802239,-0.5529050935849026,0.12255761635085304,-0.4275272445735465
-3.887166191107294,0.6476211137865185,1.3312663315597306,1.0377147945858065,0.5385966757965727,1.2848909083384767,-1.6366404154842191,-0.654592511760851,-0.7235226367204549,-0.4410938308292919,-0.6611188764318163,-0.595220506235036,-1.7607314164136378,-2.4316722778919426,-2.165784912678515,-0.9881414100233253,0.7645939703883893,-1.8311769993943163,2.0583431668410874,0.7801160016320785,-0.21148124187206863
13.109801704001873,1.0803794989233142,0.7395683364965248,0.2091696058757496,1.0200664608473302,0.20685107895715735,-0.463640831160362,-0.843990219418829,-0.47349400571016576,0.24484110428232686,-0.6837196241856651,0.36560978894628243,0.7095161576131138,-0.3935666711356901,0.012291755348701186,-0.6920714485736198,0.8872118871046228,0.01769288211016846,-1.951955045774283,-0.6375577017369689,-1.1602759400864355
16.517116894480342,1.8368012945261398,1.2038094050229748,2.8618890720703463,2.1215494339505137,3.008986186994643,1.4869016196368783,2.195708559729913,0.19723110739995134,0.5924553543100423,1.2584414246770057,-1.6562294676557952,-1.4894047555920982,-0.32682323582517453,-1.2771239124946883,0.27923500227374337,1.3947248060680055,-0.08652664101047511,0.10701682535101005,-1.4499110948247904,-0.16252877258266973
10.289739242856914,2.2033713724180832,1.5803501722526692,1.4749199308608194,1.488705858189342,1.4714598797488585,1.3378449073938319,1.0717976259946576,0.7595763474113743,0.9872523722239411,0.16849683602295226,0.0861417370880677,1.488633421406865,-1.0889921142188281,-0.7525823509525673,-0.620562861019542,0.14138552666100385,1.2815625402180864,-0.914324215951947,0.02360786236937154,0.4653273884811682
15.47233286591437,-0.5379559079727133,-1.1630982863060317,-1.100099301073613,-1.4873881433870453,-0.44747698589984,0.24362175235977523,-1.547447999940576,-0.2911554954564467,-1.1645843215289005,-0.11840530657616749,0.5608655549024629,0.8992999062237546,-0.4329507879825462,-0.16154706074095926,0.30001015947599746,1.6870557512631426,-0.48346341556610944,0.7145203684420368,0.21770972822539827,0.5553906745093176
8.67122510498713,0.1341953626823963,0.47931314828957616,1.0333423986926067,0.6627672407618904,0.6610192247936347,-1.4503060488553252,0.663950261663062,-1.4385967298053346,-0.0070315577426624,0.6947831374538024,1.310199272250372,0.18091114650282838,0.3031950581060565,-1.3453664500188691,0.4926634007799311,0.41243670959935247,-0.14547987294172346,-0.354981607462236,-3.319349276697873,0.04605070013515164
0.30159090323922166,-0.06431478178568743,0.690860294178023,0.3288812899529742,0.16178859203583063,-0.34116978346205007,-0.5901088301509341,-0.19512918344263497,0.9946656030249914,0.31364892565654684,0.04237173249417082,-0.10582994110170103,-0.14581682554331735,0.2717194048649145,0.779266348931265,-0.02575397166368674,-0.1615134318398913,-0.8300533892238832,0.7682730798629009,-0.22882128035818197,0.27652434993280006
14.876331871792788,1.5771019912008393,0.468352454484828,0.40226518826904994,0.9569819476804928,0.8510425572105594,0.39464338110668423,0.06417719559208446,-0.3733759695033843,0.0027684967514314215,-0.3039406172620808,1.1551113403025577,0.02753552552804596,0.9696303319778582,0.15689492092147123,0.35080603316742387,0.2442684303017932,0.3600912214154807,-0.8702363081356215,0.4626650715094308,-0.580495115906196
0.039256364786931286,1.6693301636523628,2.1951889610659325,1.4643993264491317,1.7511780345635717,1.4661984453304842,0.540041425496044,-0.06784742564955121,1.179189963953438,0.9602178615697822,1.3982316408522837,-0.03275724903077039,-0.7137019568327404,-0.09879547976854866,0.28090069362233855,0.18109960923525142,0.1882761479217385,-1.2174380796289626,0.4877780734993066,-1.5457206129061911,0.8662821155102258
10.029343352725299,1.6502331081379462,1.8856353434658488,1.9523525451439983,1.5068770157602693,1.5508293463480158,-1.4140151936839092,-1.4187599871112764,-2.22275706553559,-1.6347836984086395,-1.3425988543823824,-1.6904252119168497,-0.5760198394041912,-0.13017119957818443,-0.3069515297047869,-0.8907795288657687,-1.9990525868852438,0.9071206077451259,0.0921910549856708,-0.9996611689328674,-0.29102351410583704
6.210794123672692,0.7273513809432773,0.719686399510395,-0.05545573972686266,0.21208083512213305,0.5381787482049243,0.10201995528662178,-0.16136775078575202,0.16368683075158072,0.11459684227652535,0.6109574712977138,1.2924725770750654,-0.14085533501288408,0.21239277402310444,-0.6180786649556677,-0.2525516413581278,-2.11330931876885,-0.08165239580446672,2.0841727770504646,0.1578526111939096,0.4075753533281234
1.339463512039515,-0.27716378129313973,-0.8850001334342413,-0.9618061670864098,-0.6133281576066865,-0.856795916396526,-0.44758201501530015,-0.24482187475057893,-0.7491597013538186,0.9627226506908944,-0.4810448515332794,1.3120026445094166,-1.0847101462856688,-0.8992277750426391,-1.137284042803429,-0.06069083455845717,0.3945902916922726,-0.6442446825731517,0.628673220545752,1.650161809697386,0.1704490496888597
6.909687208021051,-1.0151547237883152,-1.3794894302111878,-1.0669518868989083,-0.9030024102670132,0.3732927356588824,1.1216105791155755,1.8573940830032016,3.1728799855873127,1.1364152523454878,1.5429261912226384,0.013366930122064514,-0.08964630625490401,0.46313120506678684,-0.4215744212681808,-0.8047491639658721,0.42934825428322115,-0.574902356441342,0.000878344153999716,1.3351597555416588,-0.1299439749352339
4.059927680475399,-1.6235321520931343,-1.0851549470988051,-1.5035818774473815,-0.8445397977367248,-1.556907787452772,-0.8113941440793782,-0.10084433107542765,-0.5364387197047008,-1.0067744522876099,-0.8386366469909221,2.4769147651789445,0.37843442759074924,0.27228489953311813,0.49991616941554656,-0.06032898959250211,-1.0059735770366223,1.8008217342907424,0.28584251832999863,0.33416211112900573,0.6246855727198225
13.329714459728704,-0.8756915024763348,-1.825262041800952,-1.2081746683537173,-0.5361708684576195,-1.1828765123620577,0.6763222770041007,-0.33203914974687765,0.1348994400852213,-0.5373458465344125,-1.1816011497036052,-0.9981873660503464,-1.5960595310157248,0.08049685666173179,-3.0172437860737444,-1.683532749722219,0.31189470357194027,-1.3458296844537885,-1.273373189708164,-0.6491332995601619,-0.21440422696913938
13.323380900491367,1.4899297543760845,2.4955973478036846,2.802835687697304,0.8565194262997318,2.1375414378707833,-1.843561927829933,-0.19246985296514263,-0.8104462717646049,-0.25003795134229395,-0.14268303371828567,0.8859933215105635,0.24189592209055408,-1.2941499170011102,2.0578309294557946,0.3885949994687771,-0.35735085136690775,0.17561626067728378,0.4364193875257357,0.4632852472387788,2.024370149849887
17.528193384775705,0.1351649308224332,-0.30931050518283554,0.08474458855318083,0.029434339505702227,0.8888800441365545,0.37964422753642746,-0.29439010738539956,-0.5050840899589928,0.06856119617199367,-0.21958268108259946,0.35224489367884265,-0.7225962776949072,-2.019581538879365,-1.3943292830887188,-1.2473208802413345,-0.7362199337404787,-0.8725910210024714,0.9453264920496198,-0.6146383922684088,-0.6272343329469725
19.963949979914567,1.887645523649797,1.8367512574198654,1.4859735389100952,1.1320298057836709,1.6083847768030537,1.8148627021274604,1.2541319592623772,1.2609443257139232,0.16376955077106917,1.4560688367885963,-0.8913728453147189,-0.7393131709844636,-0.0730251295189447,-0.1439611859473459,1.1683310246033811,-0.08179167176359467,1.2991671979394943,-0.4607780394631454,-0.26806818463423476,0.23067029505134726
16.021145331640252,0.75882668776776,1.497825028105626,0.25602229231543355,0.31924329055120276,0.5092444710015943,0.5553727993800855,0.4750245969343791,0.17393742988330224,-0.5100487610886856,-0.6851749299450205,2.2026215182871893,0.6376652357921816,0.73674205448997,1.0571138889894731,0.2545833134978423,0.9486424697180174,-1.7807606566317888,0.44554580995167187,0.4273287226563872,1.0991762161667866
22.463609465644204,0.7718668393458717,1.6472988177441752,0.9613576969986461,0.30534438838628236,0.16082053275647198,0.7707296210723916,-0.6144443363431058,-0.8357683488142355,1.1385228077445344,0.6121393980878025,1.9398401091355153,0.9735904471128347,2.507019567896923,1.5427932219219807,1.4218928171474534,0.6145277949495827,-2.1959744245098958,-1.2006821485303532,-1.0618357848668964,-1.5134049404575438
8.39223592417724,-0.7247971813972401,-0.3024187412142079,0.05254559760235629,-0.19753674597293663,-0.15520367744829575,1.2187232622134296,0.8537518518935466,0.8096934521534164,1.4420304755953726,1.3526267809186123,0.4548139913609873,-0.08559209415642542,-0.5438965330613381,0.3191344871249608,-0.3354134302565902,-0.2970834857930577,0.6427704823509531,0.6908234035509808,1.4953537786354074,0.004162253557367846
-1.6008071003385278,-1.917950495586484,-1.7959276675493527,-0.9981601453679242,-1.4292120515117035,-0.8148452912553314,0.39179271558536205,0.7971934318851708,1.8538367257477102,1.104846369852183,1.980524829082109,0.5900184666239957,-0.1580730917962045,0.4551423232987623,-1.138690126290297,-1.4305135258412676,0.5511650816568838,-1.3597201502623615,1.0141628420791173,-0.8211072252015323,-1.039977041397816
6.548704052980693,0.3492832120554119,1.058141962490274,0.47889757536276467,1.0029495583649666,0.7917851420302219,-0.18919476044242223,-1.1706889285133892,-0.3870196651600103,-1.0569924070324581,0.16401453489808576,0.5671880624801591,1.4057511326948442,0.5210949615859143,1.198621519160776,1.9125924640509728,-0.38406982743023627,1.6462996324034638,-0.7830925705035253,0.15991284725295182,0.42290348048602255
9.338553902954509,0.08876330325918913,-0.7202874371543281,-0.3022819846593964,-0.7602423634195318,-0.32941241887641565,-0.9232985092625685,0.03254855546134954,-1.3615597675435778,-1.1127650839988044,-1.9122414162244896,-0.9588082362914436,-0.8112536656095672,0.2430412163306535,-0.26373233451666256,-0.8957166405586007,0.9320055474769557,1.1830242151653758,-2.0757614300408602,0.053070663184374464,-0.8818542021196594
4.99147452068364,-0.28342405426720846,-1.470649964272382,-0.9821493811690141,-0.28087774274496935,-1.6447594583538125,-0.961926967219171,-0.7663158394973515,-0.6575615074103511,-0.7670040590769754,-0.2883847262927657,0.30414453272552766,0.8852382077587377,-1.049525834538248,0.4986173711045793,0.7695103876155411,-1.3063540996966636,0.3866027969876178,-0.6506704442261801,1.62234552087019,-0.5072158053446099
-7.080466918348565,-0.5555725648690278,-0.9916166675369903,-0.9569971262495168,-0.7699290648554965,-0.7183706437876798,-1.0451788798381223,1.77580409348062,0.675334502406621,-0.9330248235079305,-0.12106902357760425,0.3628707024694843,-0.007722868553391943,0.7433515997324586,0.49105879868276864,0.447952807205169,-0.29726842789954006,0.03243778061585851,-0.2632424438160954,-1.0634209237719467,-0.12519751954672262
4.004897243972336,-0.38196835370673654,0.6475335192170028,0.22170368318208283,-0.7566629651037783,0.1955992610361042,-0.28307799770676845,0.8601171679044977,0.6122609678938321,0.08865153071059066,1.0677941534636712,1.6450361193957013,0.5038281849329989,1.276393046848947,-0.5987881790696777,1.5894835468943214,-0.621670421926164,0.5530999373574043,0.11407769163285188,0.04636076675107992,1.1951759716582722
6.852228257599123,-0.17190129646322827,-1.2996747088481733,-0.6302791598182372,-0.7368312729321168,-2.8257954278802564,-1.4021142724272362,-1.0807380992664186,-1.70183917181672,-0.8540876422140831,-0.6130014058282852,-0.4405782216201453,-0.5027318605367189,-0.45265629182850214,-2.1721790367059053,-1.3139663509765158,-0.8431410048750502,-0.5647833980930863,-0.8386765538097731,0.9374171688159854,1.4859509246033102
7.535480285052502,-0.6151657315248049,0.09353052506135927,0.11594890260962934,1.5233699853485403,-0.1657886713796435,0.8272636330580326,0.6382378885774699,-0.0043969244790233045,1.61147458516027,-0.9798415721848939,1.2829747276730288,1.4834419337633944,-0.6534999070203893,0.7381414453675537,-1.6655164732922887,-0.8315796867236578,-0.7153248614548574,1.1290158424990724,-0.2410889042214598,-0.1318127844025093
17.698106253153803,2.154375898681026,1.4912343734354903,2.0487394902973937,1.6948759081787719,1.820483180274975,-0.13447486390950758,1.4497702032929782,-0.08337425188197893,1.3060621274537514,0.8634183029320839,0.5998919113267094,1.798793815155782,0.3431778902818652,0.836853094931285,1.2518346228731234,-0.02789043569991485,0.7059095408219915,-1.275503313815672,-1.0086381670310256,0.017404471198259948
10.284751330861113,-0.3154794842927731,-0.18229131855433475,0.14036648047458922,-0.6596254773285682,-1.3236141383847442,0.43200098983437113,0.093233919193137,0.6993979233432743,0.5525020788619645,0.41229691954638426,-1.1982556612459276,-0.07051618227114906,-0.8190526451915819,-1.1039745473596292,-0.8060370606522618,-0.6329527162811176,-0.16053402137251613,1.3870404496825819,-0.3975078370534054,-0.9180320953374399
6.368567566786873,0.82171229970587,-0.30152659273416044,0.15791668884001675,0.22492645650067908,1.8492789843999828,1.460722563982965,1.9728949092898638,1.2417144070444646,0.8308133480928936,-0.14491138387968377,-0.7532195407546818,-0.9102027838382981,-1.3396564621085505,0.560539785567874,-0.7893283557115427,-1.9063379887761775,0.6023779370207235,-0.8093004466830168,-1.7385528117362894,1.550961453269734
20.34087292756446,1.0734634198118613,2.363348751984486,0.31925637707301197,0.5755848467550181,0.9958592108381673,0.029023087889539056,-0.12279042231378243,-0.274727143997372,0.38931884949853857,-0.471104308394962,1.2426567092972571,0.40565183852740255,-1.8448884395791603,-0.3461323729017536,-0.17673937424931446,0.699573875604342,-1.2824365293582702,0.9133265337476015,-0.2754877445693279,-1.4541432348731822
4.642225284281331,-1.3969599844992038,-1.7100813776716652,-1.0992466631793811,-1.3194865921237808,-1.8094805000411778,-0.7951505478601584,1.2126365994362913,0.5513941300887145,-0.6314306285875431,-0.940567313537053,-0.2358773375945503,-1.3978563928448764,0.0666005880782912,0.2282540398888347,-0.6827858555245094,-0.9087775071075705,0.6695072894084887,-0.885358667281942,0.5626162623640086,-0.6522337084640084
12.39054438348087,-0.1365943924706075,-1.013941130615106,-0.2885915708950109,-0.4828950998656245,-1.1659604178019805,0.22824214450931402,-0.15277951634418493,-1.0865677988535225,-0.9443048858583074,-0.19693010362619823,0.7009394059760218,-0.5310092293468809,0.9256420724379548,-0.6617615823817843,0.8349927739926557,-1.3562761903948746,-0.7388332794110118,-0.4559941764782939,-0.640446941631631,1.0478165071987902
-1.6861793168826562,-0.4985483458927395,0.04272926730301787,0.3192646890191202,0.8825672168490599,0.862565811776527,-0.22919582924865214,0.7544111023839024,0.6450652784626729,1.5353680197095239,0.17975146836796502,-1.0561948432708783,-2.3115237643966915,-0.7352245220608029,0.8925122178475883,-0.5852924086482625,1.4338067136627404,1.3446809546364626,0.5463820291881694,0.1521250881571068,-0.04443344001907309
-0.6357876165352296,-1.2764618639203944,-0.8809293027169164,-1.0898559262432925,-0.9181908688038368,-1.1557004489316642,1.0512140659663949,-0.6119042313558904,-1.1819748533502497,0.6832155313474169,1.2239735402245877,-1.3084511594100272,-1.0254764530823417,-2.1419104528408215,-1.9227473570565874,-0.8757654984224729,0.19635466287836142,-0.5392747527109317,-0.7879210844283141,-0.25537014328943464,1.5934952497174253
13.646917299422807,-0.6097537286321827,-0.05645429602608653,-0.06374266862923608,0.1450305390190629,-0.0813969528087577,1.296470664476882,1.568886714288127,0.026125399671092567,1.615133102084957,1.0507599227919593,0.06103256502280074,0.6433715386889639,-2.100518592822475,-2.0636664841341785,-0.9950111003457106,1.2280129297090943,-0.8615850131877656,-0.346097495857055,-0.44619443394182673,0.14603366543075535
9.500357520172738,-0.554917800111012,-0.9501265692654823,-1.0689926901617381,-1.3139782829737965,-0.27847303686147235,0.5833954874995807,1.234581917941762,1.9894909906912455,1.4534120184833854,3.0304806733268994,-0.1045409083092477,-0.6260533909200874,-1.9586533108573867,-1.601660951602397,-2.04011579101648,-0.7041201271389838,2.0939042599011426,1.7113966939485967,1.3653456056313917,-1.2127399462863353
-0.42082331573547505,-1.637122423667559,-0.9795955751038852,-2.0225663893696755,-2.129517276259711,-2.029403250993683,-0.6843347631057463,-0.6223817500212815,-1.7183225737162733,0.966722654974573,-0.9960039984163014,1.0343001229605167,-0.1447590437825612,0.09137023269048536,0.9031220871222773,-0.5414896176646191,0.3900921779594919,-0.4050465344615801,-1.1489671423474936,0.4462802995866077,0.9469482873157296
-0.30424770788268507,-0.08702400134911106,0.4396915140392985,0.1861585191083281,0.5192335313262464,0.34484415457031,-0.3762124633524465,0.26680104033501845,1.5661760805601808,1.058901692084693,0.8638591895355816,1.7880841941127115,-1.2305745308595086,-0.9773147596685766,-0.013197065026666682,0.6554121710414964,0.4310388502019578,-0.40774770936991395,1.551113738118647,0.4496318257219279,-2.1866401446383104
10.29575951373495,1.0101520431993214,0.9829341000469858,-0.0872558217333696,1.0318687670561475,0.4799434981294792,-0.25523046466342875,0.36609583280728447,-0.08686850495386393,-0.12593425773465225,0.36933281056420103,-2.0687057972103684,-0.937929189715557,-1.217673388272054,-0.9227393516322712,0.13928692054263614,-1.973010105956631,-1.938645793331935,0.8161491653710533,-0.03847999548010527,0.04043968638761857
8.180107366583375,-0.5729032908841137,-0.902733670809367,-0.4564692015076328,-0.35338364977481346,0.38889606148302974,-0.7790203807382922,-0.5878553381929016,-0.14124093888871025,-0.7172139964446624,-0.2280705602148089,-0.0674891064432117,-1.013258280377183,-0.3678616319078579,-0.9976827530273127,-0.5449197252862982,-1.4618587076237644,-1.3946766807695161,1.0817055519683838,1.5089496342709554,0.09395065884353693
2.8696101852510187,-1.0980298589931414,-1.0600554064905912,-1.40858767753199,-1.6576482428585446,-1.050331094350899,2.335884534145307,1.5118606503326728,1.717109820040593,2.6831332232829794,1.8595388543533342,0.10796576067009936,0.6102275806299765,1.3383991133722972,1.353211641600282,-0.23669399073317482,1.3191780101958683,0.417031795736013,-0.9888629768808422,-1.570909190122001,-0.9432468202126181
8.289256656840472,-1.203337553682499,-1.6738318525407052,-0.5692871551527675,-1.2370852578067475,-1.5248779231917224,-1.8746793642536654,-1.4774479112338326,-0.6732420858261255,-0.30417737823034746,-0.6551503167203021,-0.2870523320589072,-1.2740328627259263,-0.3131373846483447,0.19408256988166375,-0.49527397604893975,-0.7887116414192107,-0.06955729595448147,1.0079186073448854,-0.9556148094006631,0.2954127500845534
10.491660229996537,-0.788752436804393,0.34266135535882825,0.9983741482123862,0.8037837969109662,-0.17360824666340768,-0.6445212793476421,-0.7088147199742568,-0.3522009307513287,0.43174911725583476,-0.5061314961170104,-1.3700894820112541,0.8950905828767374,-0.7586169771404407,0.12915925730411823,-2.0240972006640194,-0.5804627023736959,0.7318315007345131,0.5065758408180907,-0.8437186122402333,0.8676998331982541
5.294950674904993,-1.0975968839810546,-0.7407909745083688,-0.9484926664780221,-1.1503109390746773,-1.8457738472039453,-0.8504739869576192,-0.05913651680616169,-0.015674524348248915,-0.31973550871995887,-0.7528268043035281,-0.270658954454777,-0.5917794624929845,-0.3555058691801631,0.5590582664359101,-0.3246406790427373,1.3285387262167614,-0.3633928124007481,0.7991851486373054,-1.036983419096878,-0.7929821580788263
-8.528142453768968,-1.7258933799402594,-0.053777987175065343,-0.19538008682807997,-0.7980017757105322,-0.6527327260252523,-0.864855338205715,-0.06359451935158376,0.7720112417966081,-0.24827332530570811,-1.1041185053140552,0.8308084015889079,0.498655150594726,-0.2070617389384624,1.1256557174562516,-1.0130722961245204,0.08906369808729378,-0.40632415709807074,0.4280237033224312,-1.2092177468283436,3.364523712043372
-0.2876213095835487,-1.6267163740503652,-0.8261550255013781,-0.18336450880115332,-1.4056035991880338,-1.4354680491695315,-0.25086999639588575,0.28944001870283154,0.6726014728615299,1.3188048162935075,0.3117475491060642,-0.582773661013937,-0.024434742334542556,-0.8112720789487348,0.8713141698423897,0.731557181764904,-1.098510050231039,-0.20780384586169023,1.1906244868149274,-0.35924164163407485,-0.5838730384418934
6.705955274798494,-1.2799493420641581,-1.1989617421058258,0.5773772071710003,-0.12831621622616807,-0.8303729662883869,0.545231728284656,0.19091000408740938,0.3144770390413077,-0.03436217197823442,1.5100250692357176,-0.9112493912734297,-2.029657926862239,-1.4092225885269343,-0.7503675819929021,-0.4259519955755873,1.0045435001530556,-1.009647751500185,-0.8701352474719726,-1.4918596364977628,-1.3335184152578445
12.8260513667284,-0.6820888983901948,-1.9336581966329902,-0.8174232783875324,-0.4710570603090584,-1.5088771143061177,-0.0706627122227449,0.6532226678886895,-0.1198005005859116,0.37607288469971806,0.48797553010056655,0.23052994310923444,-0.16597450738165334,-0.5888281467323739,-0.3169206138310456,2.185080684267046,-1.1844725912684877,-0.7291554463882634,1.395082249482696,0.5545562382136017,-1.5493910792728807
9.336957961350704,0.8172006550756241,0.7581413111446927,1.054222768051144,1.0182920079473372,0.2174355056732511,1.5803942411443814,0.8465266735257554,0.4926487161932637,1.041967656424869,0.3466741802511509,-0.6618823854032828,1.1506862679239473,-0.35505922009686586,-0.4165029809775609,0.8418353207456614,-0.6637014971630597,-1.5090445701836779,0.33249097003021444,2.1194863914589868,-0.07347452293897787
8.554415166581006,0.29368621934333494,-1.2375871981821438,-0.19411198916357325,0.40256782089557475,0.5536029774204757,-1.5409418392463923,-1.4776472047874103,-0.7807398115545888,-0.8848382602932783,-0.4282712416341794,0.16054215048316714,-0.5759984550384578,0.03856174933880284,-0.8126532997441192,1.7098866518443603,-0.7318407093423854,0.6644531986641306,-2.129322368181122,1.2222942998315396,0.48876501395195504
7.277574250926733,0.2587022862329016,-0.18601381069932993,-0.6657540374148722,0.09047600658880253,-1.1581234825153632,0.11200859826330142,-1.6190262803630655,0.3236478789640246,-1.1399771627539717,-0.4422307314351349,0.7479934457079064,-1.0441697583988003,-0.9011987024643898,-0.9542341498590341,-1.0586986274207935,0.9248507144841982,1.5444035396907325,0.8831821162666541,-0.02101360850259955,-0.6581287113781669
10.583696126482998,0.24897591540775535,-0.4547792406397873,0.6398433539659377,0.38108967054512854,1.1584856824888712,1.217935381493289,1.471343766446779,-0.16538657171578589,-0.3592656830529453,1.0625381115933705,-1.0655857217549725,1.9517017982621607,-2.0754249839178502,-0.2799532988582972,-0.010023818780418508,-0.7962959271698062,0.1649520059301997,-0.852096575336396,-0.3629792219802099,-0.059709356770067404
8.704086575902252,-1.0212454250015333,-0.14179593971854973,0.16036888936134946,-1.3820404522814258,-0.7777818628744101,1.1179125137762809,2.752235086356523,2.4730306558287016,2.662576335038634,3.233937727117446,0.9680164096397834,-0.08388649229070787,0.9134271118982922,-0.6568881580974525,1.0453685248349145,-1.1581277181333514,0.05303843746941829,-0.6654191143413664,-0.4163678630500704,0.0842064568278492
8.238468699536416,1.3693777366658064,0.8041272634778152,-0.27748119711532643,-0.4281303842178292,0.38493706614625844,1.0520126107039058,0.8514178290824054,0.6773827528736927,0.8872715093252619,1.522264248115404,0.25074540646539956,0.7694404479598228,-0.10018076787349406,0.2980292211714297,1.609714100950444,1.4224191114912776,-0.24458995981895806,0.3849694329185736,0.5960770645731861,1.1722900311470303
11.34609255639715,1.3118841381120223,0.9350669520799714,0.8989451195755884,0.9750489420089643,0.9404326664990732,2.212849671930545,2.723848208436438,2.327701240308566,1.8268607837032262,2.31829162524199,-0.7701910918407037,0.5133096269585025,-0.8066642623987561,0.7665487245384487,-0.1133076138171043,-0.9006273385843749,1.0934107245861588,2.205094529516214,-0.5493901437395327,0.8589919047644594
6.037886125464636,-1.491428953161136,-1.0663327080004716,-1.6329718500961146,-0.20666027378633206,-0.29326495233804434,0.1454199307127195,0.2197326464281914,-0.2604279800903919,-0.785283452595774,0.9082951482109287,-0.9002577000905251,-0.5289639932271863,-0.662753571525958,-1.4165135110878841,-0.9350564284855519,1.068383740617087,-0.1723349144254709,0.25947740863502566,-0.2805635220999156,-0.3707431454749271
4.130893479110596,-0.5491710502697179,-1.1926194113315256,-1.111568943207511,-1.3862132577058988,-1.206037877682496,-0.12334434253363961,1.7086073177684382,-0.047309010054393814,-1.7732623002217143,-0.5352405411364998,-0.4846081288289662,1.4105128290021982,1.1911322755684335,1.1634068887685862,-0.47733367602127214,0.9649022366769605,0.3501937866049755,1.1472086300906332,-0.7540424538991413,1.3484920010554609
2.391094581331929,-0.5152998570710802,-0.32862906028579497,0.042351652170574926,-0.8790523753690492,-0.2591737500060776,-1.3416963863255955,-0.5835840661033437,-0.5680976904204054,-1.027399917309035,-0.8084040718179468,1.8019984706653125,-1.2273038307898028,2.0829575022698315,-0.29256848629342525,1.7997454251123066,-0.2341833672534544,0.1396077006117003,-0.521134808873506,-1.41768948299816,1.352386954050243
17.34975354852501,-0.03848946977171734,-1.3015218979925205,0.23541972911879136,-0.6284430375128323,-0.5165973770565151,1.4482500808842993,0.30069168280122394,-0.6993804463651543,-0.40782762069397954,1.3198534022478732,-0.16234238616922045,-1.26365421323604,0.16633032836062442,-1.014853713258883,0.36048782082106073,-0.4632428996598216,-1.2860022934010145,1.7709877226145259,1.9599865482690402,-2.414347576893125
8.983095392567538,-0.6280752197845982,-0.6824801856038973,-1.2626331359322338,-0.28317476553899673,-0.5508134385614495,-0.5312658046447332,0.6803792891555147,-0.00899916829826672,1.547064807357942,1.5207500599469086,0.7793862196154153,-0.5776607285158463,0.47373130398481184,0.4864745416297341,0.7774489020036741,-0.3782326436298289,-1.8037642786849002,-1.339623323479615,0.9830493080299076,0.17612102818884082
11.221711810920464,0.5000619378251855,0.4788980835849633,0.9351464667049724,0.060132270796883755,-0.04393861760554829,-0.05492244366047825,0.17758140445092113,-0.5644422213959649,-0.22989983885747436,-0.04645980984636518,-0.35124618330359636,0.26739907430158916,-0.07474811189072635,-0.7694672940771133,-0.3296092766979925,1.9039108537582006,-2.062923676667067,0.5477873080983852,-0.34794137741961007,-1.2383127568599863
8.626937431020815,0.670178766746405,1.137356976355036,0.8089246880496884,1.651508772263265,0.44731553195161916,0.7407244987594331,0.7541362470107228,0.5639279616127013,-0.5677205510934988,0.6153347492408674,1.0965251994210474,-0.5642940049460403,1.2866658033582314,-1.24757707040329,-0.24562063356639083,0.31617100396959924,1.0692013010845738,0.30935897067337625,-0.09315579245126213,1.1041338830330218
11.676516291370534,0.8279679393993199,-0.42887150853288397,-0.14394555056609015,-0.36860868541419095,-0.4730328239370307,-0.7774183313408589,-1.2241201569388855,-1.256909518682119,-2.2590457734221046,-0.3983874187129369,0.46314276204732535,0.993010754608217,-0.4938655932502057,-1.4867282039578038,0.14238959045419855,1.5746271168688677,2.288648969529308,-1.4836393663645482,0.042479074346922246,0.037392087923290206
12.31241500969106,0.19862187691452401,-0.9756724764580461,-0.7042337009179028,-1.1541946417136393,-0.6919600255142384,1.1830429943674312,0.917621523958611,1.1136320108000413,1.0710164102500934,1.7024793336371382,-0.6532597674259036,0.7198589578417661,-2.3099412949110207,-0.14918725461009003,-0.048379057987068035,-0.06086694279063087,-0.7604316859392225,-1.1102885950435646,-0.8197697357244769,1.020684639743221
11.44905230301438,0.29928352610218895,-0.9715199156549766,-0.4508728206751931,0.02287603856464176,0.16750678500051439,-0.4006286196655476,-0.7388018638424997,-0.27651941335449876,0.24821160692765212,-0.6361515116008776,-0.6141338512224834,-0.758249104731592,0.196747353722844,-0.6137847007320755,-1.6372665920915208,-0.20835132283720842,-0.33893756837251593,-0.42908170632608966,-0.20059129171028836,-1.8748807706352149
5.609382295074857,-0.2438549895761423,-0.3787219944394196,0.43231372420368724,-0.4141172399287711,0.4262745276983523,-0.664490589434006,-0.717620435836904,-0.0702190098492329,-0.7697618140988184,-0.3605134088780385,0.4225962458188606,-0.5694046605547314,0.3734829521940562,-0.11467553388708684,0.7021195457748156,1.6806163917361552,-0.7865499459270925,0.08554459130220798,0.20478604457103372,1.517558704586143
3.555345963899586,-0.35998640213094774,-0.7941488939540342,-0.848893209932871,-1.5350921707303167,-1.3823291036165535,0.5527897257512041,0.24487276692081267,1.1705046457738237,0.05124206732098743,0.47238226425533986,0.6129886527800852,-0.4468753169435387,-0.3092009123113533,0.04039688780893665,0.42174448985722374,1.5529200067727709,0.39334501952106177,0.39567747147827026,-0.8768133065289854,-0.0849907715198946
14.769557105671327,-0.15749581039729615,-0.3050920690414009,-0.046045856585921044,-0.7545487104679238,-0.396990941238496,0.34794664687727433,-0.5749243957661291,-0.6680846308901813,-1.2054179054581082,-1.490697526472913,0.6505169242294947,0.523546040981887,0.6465040822035976,-1.2448230644463998,-0.38202514171173296,0.15543152034177268,-0.7022334402021634,0.07269364333333445,1.1091342390164634,0.1805625796835852
17.518814595491857,0.6769590858889493,0.5328083783493771,0.8980992368322709,0.684459474608734,1.1214899038892725,0.692711961676297,0.7242849558655214,-0.8490447113983804,0.4335209838317061,1.064315611602875,-0.5057862375695586,1.2734039084591924,0.12815609119021926,-0.025471587600345923,1.1978280814399684,-0.29565146650476515,-0.7997009417255553,-0.7957731502803954,0.22740802263526774,-0.31365339269017667
11.13765829762475,-0.77948745879572,-1.170758052912427,-0.8644717311744116,-0.5058101191717057,-1.0741348033036562,0.7795712117271665,-0.14302894749949197,0.8300247732609499,1.5091059122027954,-0.29388014127709094,0.7304075940983339,-0.17508198150532428,0.4672350390017696,0.20800992800965398,1.4611291062059395,0.14039508244945256,0.8851396356625404,-0.047133842183733426,0.8112484129308664,1.653465124475406
5.428528552358373,0.8229529817825397,1.057804526936939,1.2187307267247978,0.5019967321839836,0.2688472526185126,-1.300376422517851,-0.5728765406984792,-0.940212392635794,-0.35397679041392394,-1.9306168707688163,0.238810516873976,-0.599829193521455,0.026775378327750822,-0.11579242198979857,-0.2060378915559414,1.040039970094695,0.5726170068772318,-0.6644802575581062,-0.29850552518556916,0.2988270770932767
8.136668934196658,0.13155281122114754,-0.029857035320402472,-0.2066685887838211,0.1020525258297006,-0.3944439428865006,-0.7173706651012152,-0.8072344026538059,-0.6289430860415877,0.590809020398398,-0.3533512565890863,-1.028099257965842,-0.7346058436770067,0.30710378192871507,-0.4457820743204167,-0.29848325560800276,-0.07715986654791408,-1.73433270432796,0.1600383529039548,0.9351938317695816,-0.3552453536947222
17.100936827799046,-1.6077953659414466,-1.1745010623728047,-1.3691195749344103,-0.6999727308626823,-0.865788722312768,0.2652214470640593,0.39828310621281365,-0.04439283288369198,0.6269344267210296,0.36106515979352966,0.6512436555991633,1.9105248175408134,-0.12677628189503518,1.7876001233991996,0.8092148445675261,0.34457831823436513,-0.7597894622053964,0.029946844144764773,0.2663857296849551,-1.100739330760472
2.910025473125299,-0.6601613113040311,-1.0938805378677487,-1.3970449806593346,-0.42704922978049364,-0.1945621735013917,-0.7361517052253819,-0.2565893954375902,-0.44399078149832605,-1.5676897391262685,-0.6573524429152792,1.1629859959432638,-0.1999909873248522,1.4091951709687305,0.42562457488675176,0.01000088220246562,1.7679386536015105,-0.9842701215623934,-1.3335850318169593,-1.2902278624896968,-0.27846390161314166
10.77587945887296,0.41838294610036714,0.5959530432024127,-0.38121633290654655,0.42438756726520155,1.0222526160939203,1.2080446409011625,-0.29288175243529346,0.15791180800870913,0.1331897416359047,0.04966563589786838,2.292591596601544,-1.2859368777681108,0.7128912698878443,0.6618236134235298,1.8554677755247817,0.3258314998008286,-1.5710488948402666,0.08946443796083713,-0.08327832627951309,0.34832717425135085
12.458928632188336,0.7339634740666728,-0.09290119728119565,-0.8361286828933943,0.009939657898904017,-0.12224307690218532,0.9658918382185083,-0.018009512557882655,0.39985004441084965,0.3870408519732145,0.9946257011273604,0.5595845783997047,0.5350635347370581,0.9444959051947807,-0.3578240658751871,-0.28036981257446864,0.953981590278614,0.5799134674421981,-0.2499551564136658,-0.234407249270058,-0.5371970385441641
-4.098219867110025,-0.45480099814551533,0.6163653416377968,-0.4599533384926074,0.23902476985638035,1.6040936789041036,-0.07763975807747008,-0.25441388790602165,-0.421606668881391,-1.0370419311880676,-0.5091905078461592,-0.1590666474091097,-1.0835997566816777,0.21118090975615006,1.3160478519021659,0.5441289020391099,0.41373444266400494,-0.5699663713649906,-0.5909950237205304,-1.6798117704387519,-0.4408659671543402
7.406429101653974,0.3265105386967969,-0.08381216775655935,0.42378384414324866,1.4399682814710273,-0.1663669578844493,-0.8146988501689951,0.27464960290604806,-0.34631101618705556,-0.9669952994730469,-1.3368660949902504,2.457062400159197,0.5721134873670193,0.297963292416284,-0.418387038621968,1.7387789672138898,-0.24796619153146068,1.0868323290979929,-0.03741796460076125,-0.568730582523279,0.2574969317683655
1.9361859955021963,0.3008920856039376,0.9918456201178906,0.3961506508699574,0.569172898328653,0.10403229758597762,-0.2889608702767317,0.904027314400907,-0.4312035275662115,-0.25839856323280197,-1.2243737949363795,-0.1347245682951178,-0.47191205305967293,-1.1575848169219356,-1.6632794569426765,-0.026999482765759066,-0.0952283059573226,1.3357842300554388,-0.2593532783476696,1.1593632268595144,1.0524912150535781
-3.4430271870103986,-1.2102817046275158,-1.4778610900485245,-2.0040361462322718,-1.5503471549255288,-1.0738614651773977,-0.47384154881823504,1.0641734999769967,1.7147355481911877,0.09262083506221928,2.0164510539756906,-0.48632630061031157,0.1435775884495795,-0.5369755616472026,0.6294496308338201,0.44659759370777374,-1.0625421579811951,0.08523133886833324,-0.26676437274503223,0.2910994369566524,-0.768689752239419
6.9183389720508845,0.2287041488114827,-0.3587970382083258,-0.39160674048099714,-0.7268480528648505,-0.578312119890538,-1.0406224553946468,0.8871822836887041,-0.7522191873429209,-1.3024263691850928,0.15028757759215247,0.4377488373502108,0.022291400848357377,-0.1996572979049022,0.26496676594782503,-1.2645371867425526,0.30199463743798,-0.44911430425113974,-0.4365534210900753,-1.159711057037754,-1.736571868439654
4.659721180289369,-0.004496203952840393,0.21891558969487082,0.18669678593345312,-0.7866744751663753,-0.4756978535321373,0.7296017749387164,0.08492125168557568,0.05366733653586908,0.2345287911435565,0.8448290249979789,-0.26388355221359233,-0.03167509623928594,0.9063226296721548,-0.014226358745986862,-0.15658320233884737,-0.881677932998698,-0.34991851420069514,-1.5632852378047337,-1.441264466127465,2.076249032074542
7.300509156035995,0.24546955729183922,0.27903797855853574,0.9407031062908787,0.7466348335572662,0.7786308429916343,-0.25651248153732986,-0.5765372310592968,-0.751766920343614,0.2240098889930621,-0.5336990380246726,0.19283471324712542,-0.9625427289547048,0.66551766603233,-0.6582073894230597,0.8835594337541871,0.424170185388769,-0.004706059075624264,0.6500399279698035,-0.05957735345246111,-0.1959839092895054
9.46636334329075,-0.5046640386521941,0.028968998191080786,0.14423901102802425,0.23051237276390285,0.31298163470096385,0.9327607973736287,1.5431634491551904,2.3772489401327594,0.457026356392985,0.7717380471501362,1.2097060107034288,-0.04330975238960305,-0.3296909507639639,1.456348709189064,-0.567449427920574,2.2612081773944817,0.5759699845799584,-2.277747846413749,-0.8118591994946698,0.5839795398628451
18.771561814286947,0.6140686541228004,1.0882132687991233,1.1712421410077756,1.266374990374585,1.0506696090704999,-1.516981728094943,-1.86697975282398,-2.4407513638176197,-1.8848709674677067,-0.9896139020006615,0.4228236112974931,-0.1600194953377746,0.5421200183984136,0.8937672782945801,0.7969575168623648,-0.2924953517735064,1.1645592875395436,0.5214599002442318,-0.12045448725235039,-0.40368881631247644
17.495020553221018,-0.3262402645116226,-0.9855690070099965,-0.910619418382094,-0.7292672318985535,-0.9773774700239877,0.2472095014063404,-0.775867842736341,-0.7301930637605456,-0.9296821357275209,1.2868311200824665,1.1121777770681331,1.758878424027772,1.0241188619190364,-0.7343549656124395,-0.2532819377286853,0.938038475756412,-0.5076154198335807,-0.23695009147708623,-0.5537523265505445,0.3160409772327398
16.33990000660497,0.25915200351829304,-0.42060477564127857,0.005469128953851875,0.04870611791566791,-0.5848736895545614,0.43948611134287724,1.2489346047149266,0.4162335184733896,1.475826764794932,-0.5367065368151029,-0.2165459950194298,-1.7023515648854357,-1.1342527539763203,0.07126759799513432,-0.520540025474109,0.9769023888465508,1.3840988050257714,1.6683708875164605,0.7835410509131564,-0.8121453108656451
13.091134959806272,1.7303294104476337,1.6550874092722685,0.9103715931795067,1.5467166497594154,2.1887244951039615,-0.6917855924233116,-0.6969101089515328,-0.826225465240988,-2.3067468571105154,-0.4390895079088664,-0.055305399122542016,0.8923857305252627,0.025898844155194674,1.2382895373048841,0.10047202426417667,0.1590077209055827,0.2710061444759071,1.0447707171606007,0.3907237866420981,0.2055982550579169
0.600015639451839,-0.9347340414476825,-0.04096165479532633,0.7126843436912986,0.5541380851051219,0.13098072448868714,-0.6919016250486305,-0.02365622298435326,-0.24963879731367755,-1.3847656717359778,-0.13855336125949505,-1.7234072368076379,1.1679183207335269,0.831502600022372,0.4169222908197381,-0.33722502718821284,-0.26639057492148854,0.36141090524774633,1.3153433093007791,-0.1312756482315253,1.27640057775966
9.2369053601305,0.012238780797403178,-0.016660949324000578,-0.21888719921183777,0.45642238609068164,0.8114024561607545,0.7479514022703587,0.11514831274068804,0.8159752466575287,1.4097413660537308,0.6597375050528679,1.0857865558246937,-1.1363645633589248,-1.037570034703671,0.028775925485356207,-1.3578052680419617,0.6722334118209732,0.13705111402907386,0.7976695871038081,-0.07117595459328625,-0.42014259851065966
1.8484133172225317,-0.1532495277515115,-0.6368530077579834,-0.45593108887097783,-0.8326105922317727,0.7577563209877862,1.057909380904571,0.1622445678366876,-0.2757253339629827,0.10007258306064606,1.5830436206042529,-0.25224534009467253,0.8389160334350643,0.11172839314012159,-0.16849932204022255,-1.0547309932707896,-1.1341593384572979,-0.21056999193304735,-0.9043452231524206,-0.15758850634889365,0.3884868738494001
12.884531405055487,0.5557015269952409,0.3935175194608032,0.15735883182555183,0.2919347257519402,0.5582907335964241,1.1114345950087425,0.7886263023333362,1.4446485668585107,0.5358995303094671,2.7748899294176854,0.33961786471059474,0.7183796471084174,-0.5280975050041217,-0.19186519232360483,0.37006684529635714,0.11900374382654177,-0.3523233435351268,-0.35902236774484775,0.5728968293987597,0.12627738074621572
13.827902270184579,0.2393625145583754,-0.8494826133767842,0.3188214823860883,-0.30949106047596864,-0.2741330354563951,-0.05675299178314903,0.48764934403043503,0.4143891611227401,1.0832514752627318,1.5324466394742347,-0.80705636189267,-1.1046744952565417,-1.3903824301624013,-0.5412557894834509,0.8544712477711359,-0.19807203108875412,-0.46618857340785624,-0.7493159596621891,1.2902755915641535,0.21016703677004575
9.505644873709308,-0.389038563261196,-0.3734044313113145,-0.11287197293652756,-0.3927962665042889,-0.729712762371474,-0.47835333076282177,-1.2507256701164717,-1.383803837353465,-0.0037975171109034043,-0.3734646786334307,-0.4509137740121002,0.659823545386191,0.15546020658770737,0.002023403221222171,0.5322640647918028,2.454600154284446,-1.8122284363532142,-0.1769860299547291,-0.2798762720057057,0.8277991470793559
6.0181560427574965,0.6683882520377133,0.2889724895118676,-0.3380558679595621,0.8211581050884216,-0.26522070512325724,1.815052781763589,1.2794758817420535,1.0866182296113813,-0.22298882783419807,1.2714141988888485,-0.2528161037904479,-1.0135458353641917,0.2467000135908642,-1.6449018266925148,-1.3554798769266811,0.15391627826295792,0.974495488449986,0.4009562153134946,1.0168307670747672,-1.5421692163346168
7.50257271936506,1.1064949689157504,0.5257103254771471,-0.27731104183900335,0.7615926802069285,0.2565594096071083,-0.5967350678702021,0.37320264468963216,-0.8552329953180139,0.2640221487152582,0.34323147609028126,0.015611677974905716,-0.6520891292309571,-1.1039159736777515,-0.005987600644955846,-1.6845974205231409,-1.5551913267114432,-0.4585462158014441,0.8446142914304938,1.6509596131542708,-0.2244669067326924
19.03419363340787,0.753454440792043,0.5999048579076196,0.9700813666278789,0.7984311510983206,0.6078050963237374,1.0691372584733843,-0.8359202001288649,-2.1956109551739518,-0.5353230081858952,-0.5749496911372922,0.3380041538752886,-1.2753591027611615,-1.6925398829799156,-2.1683662204966327,-0.5323471978390206,0.9348153866048174,0.6978957858733342,-0.225188620280253,1.1338238496637818,0.5767345311656987
3.1810116359977925,-1.33159249583039,-0.07081297261070194,-0.7676151389712407,-0.19848823140447244,-1.3287645727619313,-0.7513843500224929,-0.936827008029794,-0.4973951054270973,-0.3280270176970803,-1.3995532063184994,0.32654787114698297,-0.374879634955327,1.4234714183741084,0.597095066301923,2.122610545362209,1.1201643808591146,-0.42747026141178013,0.098402495520656,1.040921605272472,-0.5291873223527
0.10332002039602184,-1.0078439757186894,-1.223534594896507,-1.6724428942722287,-0.19363626896960376,-1.0192018549865207,-1.9692349640582953,-0.5627103247725563,-0.7199363500655177,-0.838308733553206,-1.5160477418973484,0.32862298214211577,-0.63808849516505,-0.4182796301828584,1.6094953734123278,-0.7833387507031301,-0.9615698486141977,-0.07496505008861566,0.8388122748994887,0.400713348079717,-0.5428402830848559
9.537040566453202,0.713056093986353,1.539999006676567,0.633651837350044,0.1700696784477048,0.5562974173178628,-0.5918155833261454,0.025204596270751757,0.07138352368940397,-0.047142123773313,0.7028029808909126,-0.573007261532068,-0.45079030653334745,-2.25666810912798,-0.3087405322636659,-0.6739844044096169,0.23475852589979151,-0.03917143076642754,0.175884274541908,-0.03416660570953844,0.5128838886678382
5.335511534624402,0.9218898807311161,0.34234762829820803,-0.3553012089844847,0.34191548467400684,0.8324174774999303,0.5420985589676626,-0.022906605860208557,0.008994783259352546,-0.14986356721601155,0.20075067809783875,0.6074419551069312,2.781336762410373,-0.7334641274272364,0.28659567141437614,0.9483629216401044,-0.31551306938064955,0.7066567908785325,-0.527938394476222,-0.037736106928419756,0.9934475054866932
9.990856166425667,-0.14224789332365562,0.39904978843421635,0.31010860201589147,0.9853677178733853,0.8642485037231357,0.606293289035857,0.41597513299380867,-0.36469608971055734,-1.8731195153824973,-0.9756606558179636,-0.09012849899628025,-0.1306418020170004,-1.4773675677135918,1.2044123670230713,0.9626492540253582,0.723290941393929,0.7264422419148943,-0.5370262713441258,-0.8323923182749122,-0.8513308359092499
11.764538174195422,0.19155794233516635,1.3478292793423128,1.5284554166958249,1.327058535764619,0.6079766845226355,-0.4361377277880856,-0.6403940221694145,-1.5778650358168151,0.2575532688405071,-0.21382229721428894,-0.5530528310549767,0.3178614124637881,-0.9337496817946863,-0.7427655972271762,-1.591690181001379,0.6696480477360757,-0.8342785257438081,-0.547440795076012,1.1346163392892938,-0.9546804872119928
3.4196040446477705,-0.6848889973881583,-0.4075551672439225,0.005776670631853785,-0.7062685649496265,-1.0058266047951978,-0.2511125189212563,-0.5062461577350263,-0.04273613437240949,-0.8428822756461438,-1.1872475973478216,-0.2335763897015663,-2.3959098753302905,-0.41541544398079283,0.6556577945532681,0.5490657473526349,0.45579930837994587,-1.2813822704234687,0.318403974436028,2.0522662252852197,0.7354170329715183
4.34018640792869,-0.7334745849811081,0.45927303880797743,0.3055578613650768,-0.08139739660436755,1.4701631237637496,-0.891053829785186,-1.3098557625704075,-1.2321629546714674,-1.6051255595387024,-0.4795161637009503,-0.3639711034945767,0.8133162403545826,-0.8361356242921822,-0.8966621820365206,-0.14294419040701808,-2.0013964585535478,0.9525562504952523,-1.6367767536462394,0.8222309851616302,-0.24677940067772663
9.061000696151488,1.3753253355490267,2.1701864747043116,1.4452923342928135,1.4911050502714533,1.5136579289524532,-0.5404080029918147,1.2271972324669342,0.1927826080611999,-0.13024270154359543,0.3932728946148333,-1.1352126729569474,-0.6654720809742606,-1.7743193465572233,-0.10255420119330896,-0.7015110489604194,-1.6822961077228906,1.5839657377970477,-0.6924225869126894,0.6052248079534603,0.7856592269464306
9.381980328699676,0.3735341287534798,0.22508976649316506,1.3766344536227149,1.01423775173776,1.646117607768114,-1.6471784274489494,-0.8172893331798917,-1.5071553745804092,-1.7642132148795875,-1.0131439294515168,0.5199892923854418,-1.0335649490780248,-1.4770795253067928,-1.0036657013144572,-2.137068404226612,0.06108040118018874,2.1481604273760087,1.3684670631452902,0.3067113560711861,-0.15954060629040334
9.325785993718887,-0.197879493160057,0.350543204891222,-0.07894977563222311,0.6725517247913407,0.5672969922564362,0.7322606585026963,0.08775225289912202,-0.26478229723955177,1.4449134130535977,-0.11661031735322877,1.5291572254821848,-1.2202456780319615,-0.7627946740035826,0.15914641530334195,0.1894702098691764,-1.2537091820409771,0.7792679258624343,0.5714169193143691,-0.6500930082996802,0.8708180853481121
9.449492817093711,-1.0177232627375297,-1.5421205666057307,-1.0944429787814005,-1.617905011650522,-1.2437091538114884,2.2742776809987424,0.9941958242745423,0.88654070351348,0.37383720028601225,-0.3204029237290445,-0.379920612363824,-1.1688630246648124,-0.5510632010413395,0.7873033197628594,0.5868978530061707,-0.45691155785793336,-0.9418090698668348,-1.0721509390250705,0.16784556527622865,1.2502189470140277
24.905279715233945,4.0495887629675815,2.3884707283077398,2.810573871667755,3.1211421537405837,2.605772697458141,0.8625335364360467,0.7514573412208659,0.4854264064238039,-0.22151337218302675,0.38760535021457004,0.5574833134549186,-0.19144316586102225,-0.5643445950010797,1.0147591939102099,0.4880682304995225,0.4023002914169708,-1.1153585007646554,0.29617187542502665,1.0180926702491921,-0.43555567474018214
2.931164302285119,-0.40083285147456715,0.5997548686691346,0.07274126973582551,0.3929931156856604,-0.038484380651352415,-0.6436830704606336,-0.6981837043056364,-0.48919801363515636,0.06312248337686786,0.09511757792396043,0.9190590842399885,1.3009760077384684,1.8093732922131478,1.994336077676157,1.2338664439396148,-0.21629565646566085,0.9633201243193447,-0.006289867843443783,-0.5346477061060777,-1.0667170391957552
10.486611749828494,0.6179764741278041,0.8040021288175988,0.8763022672100031,1.4402244452478754,1.3736249502769449,-0.5465098770062798,0.1377789763078433,-0.5934360887100544,-0.09180688995081539,0.26466695236836685,-0.27145043787216205,0.7090913485028061,0.5187677153847692,-0.4412203465866376,0.31433311923433177,-0.11703433427523184,0.3771845118211009,0.9968625174834951,0.4170934780669887,1.212869132653287
11.978701619696228,0.030045572394882196,0.25847379281740557,-0.3870571374829822,-1.0022178265712056,-0.24713584960183968,0.3344316522996982,0.2914608287675674,-0.2862465211133482,-0.24120889837998033,-0.8731177058013548,1.5269790994745602,-0.9051908117628342,1.4012577543574267,0.10949410883132185,0.4688543914156325,0.2705183651717017,-0.2997935900921242,1.0156158323750515,-0.34470692881448894,0.30723936975198435
2.5332876609365247,1.3632157589357594,1.995591778289004,2.615325036539055,1.0679058904358267,1.075150307697484,1.4113799794348088,-0.9358544429968415,0.7092790647879241,0.451871687340467,0.4209320055178735,0.4510321417398566,-1.205665974902807,-1.198115430558966,0.07600180653984186,-0.4090094789200817,-1.2755018317647357,1.3741981876168343,-1.1509495350314254,0.01380940409561702,-1.2920402418376233
15.55081674995586,0.8145000309965716,1.1645321420484804,1.8941489611873554,1.2733010645491543,0.9710271377063265,-0.9635028054613147,0.49421603044421725,-0.27968640044136395,-0.2605488966301075,0.31547331797504014,-0.42525016770203505,-0.4238318142283112,1.1442605586011625,0.5571945737497996,-0.8600404627859546,-0.4264422545457629,0.037516744791897774,0.6742802308409415,-0.07785924580939688,-0.43255601668221305
-3.0152718181100227,-1.6092019041140113,-1.3838737006327222,-1.7428584418687936,-1.804764662647535,-2.228223270734311,-0.0492378011834084,0.7619918022185556,0.10861350721873898,0.14891016895196607,-0.4716664913980364,-0.005782525252256483,-0.5164007723915753,-0.6920684522487529,1.213912992011345,0.2673732749904688,0.10130112912198865,0.9900466693034328,0.5570781613410895,-0.46391423375470336,0.17830197570991319
-0.8763237521045131,-0.3128953835612736,-0.2511693864622686,-0.30251826646679214,-0.33475511972688643,-0.44360546776728116,-0.9721692889932835,-0.2524826105694446,-0.7101320793766397,-1.7659195205925569,-0.5529586956919484,-0.4718739447897894,1.6580227300081107,0.6247185792338955,1.5940304927456959,-0.12011684240899156,-1.233788419846228,0.9029527126418094,0.7808032458214033,0.20793810497233223,-1.4850790142423596
3.034966965467384,0.36979580497742964,0.9439364159081581,0.7621642312270973,0.23904446568176493,0.7118362883275027,1.159727604495343,0.733889478048807,0.9183476137002231,1.131496544881483,1.1275963659892734,-1.0360123492164062,0.06905468066466507,-0.10985850087028348,0.15498962567709132,-0.3163159594102233,0.5817697172489418,0.508810958674138,-0.45702555510481024,-0.4244738753504419,-0.5300856992387644
17.034704803018062,0.9162967162528126,0.4089288999062938,0.18933984400140016,0.8276733110824601,1.3443346542747792,-0.7576437446964702,-1.34496665137722,-0.23061380271144163,0.06755455474731804,-0.7906515687819626,-0.8713007677928892,-1.53853457044917,0.056550829159817746,-0.4613689037564449,-1.0378935711949109,0.12256438261045914,1.6119609510195079,-0.14477097199883004,0.4976021037097708,-0.5049720755567391
-2.3927925437000974,-0.8253252531286526,0.1650258448803336,0.07795822943841978,0.25151602493128855,-0.5506594240800801,-1.305242307191471,0.3956199707866838,-0.043171152611325654,0.16222208142753547,-0.947128183204407,-0.7924957613247842,-1.48089865725832,-0.9975747472450991,-1.148183493140209,-1.1462083033576627,-1.6664103108110246,-0.34634589081186556,1.3131258398357182,0.7280760385386547,-0.15578427309767348
1.2734826820858216,-1.1263168923062508,0.2437589666386122,0.37413397345223576,-0.6076214811936308,-0.05798669961433495,0.5812562351836564,1.5152144594150148,-0.09222317881298543,1.2669120853323916,0.7028586026945607,-1.0319626793802543,-0.43828415083054334,0.2942543219486056,-0.5422312871591611,-1.6229618065097118,0.06202484432396042,0.3149130708199676,-1.234063797458627,1.2876376819852302,0.817130906642097
2.6446878237122275,-0.2581357854681747,0.6839550470592951,-0.02314323496380102,-1.0812104226802055,-1.1637355369982647,0.7207528284144431,0.3435764642964763,-0.18313077405301975,-0.6545199370825563,0.1288327677386614,-0.41063630232704407,0.9033308810965315,1.6936981782111302,0.8447163758514741,0.2944801470832839,0.8918493238027113,0.469188630098772,-0.722735738867721,1.3045931603409198,1.4033885833002233
-5.904934652157538,-1.8335634410470938,-1.2608225624349674,-1.5057815499421996,-1.2839224053897338,-1.104852729471923,-0.542228673620032,0.3019127158279924,-0.35459934132999826,-1.0652039549671386,-1.0066412569825387,-0.35176884317946994,-0.49258369534682483,-0.3065197144293792,0.4309191948979974,-1.7384051517715644,-0.28442635849352665,-0.30271528756368377,-0.3146720122454446,-0.49655495605706546,1.6627420414007401
5.707238350070393,-0.24236415839978984,0.3426576476228902,-1.1100581848425135,0.34523289730961854,-0.06930336057547244,-0.3720288571796331,1.2007585888540715,0.8515857143744785,0.9216450820645874,-0.9161197099959477,1.6008412166092103,2.5805653082557805,0.37914284554354416,0.8521243650186743,1.4036229710813417,0.0384189940731579,-0.2787441200311273,0.34431030140591173,1.148295313972974,-0.2534867056477926
1.2266870046161351,0.24596544757019603,-0.44226890359658194,0.28821757255239583,0.3058849655748127,0.7342694652023815,1.625361568867746,1.1583205447604863,2.1116464119881155,2.2914675339103137,1.2131997276374165,0.6141729841553212,-0.2794157463318358,2.097996166553972,1.0432410629798115,0.6405885013488292,0.9794489369532945,-0.23856663570302014,0.27826232328542594,2.3807051025506407,0.256734348723501
12.464306959698677,-0.0591366622805353,1.0955068163939201,0.9176815925852847,1.9486995652093537,-0.019692893124368047,-2.0383679965251447,-2.6269985007593966,-3.3383589564493934,-1.7889167163412332,-2.321536847511276,-0.8744379056327568,0.26254861419493714,1.1603243081789565,-1.5716892910717288,0.6185727090611755,-1.9960754223049895,1.057482202096917,0.6270881303753408,-0.04189188231390231,0.9319865063731699
11.245452782525827,0.47329213580904766,-0.4409478364594852,0.21684703407654143,-0.09276042082411724,-0.005280267562474462,0.695851289155265,1.8021863259495217,1.447540821813323,1.04218406343695,1.2745395517991527,1.2729889416220594,-0.49245773467481857,-0.49315608682955175,0.26130018662384014,-0.5930906199538742,0.8864527201301987,0.7575501459818692,0.834642263648481,0.6459435486421391,0.6423885078735531
4.351919049593542,-0.13976024442154392,-0.4797464374880158,-1.0425458813710806,-0.16724652569456824,-0.01757462789994217,-0.12076534332176898,0.016695067159674778,-0.34948472183314644,-0.07474179111383743,-0.7049138648477336,0.6118437939007758,-1.0954924260559495,-1.0501445102405569,-0.9768564406898606,-0.6667754262340451,0.5659458908545788,-0.3690941516648221,-0.2023216817019819,0.31633003251373476,1.4083397132861806
13.169024186996069,-0.677111723594907,0.5310844390579704,0.3668665566890008,0.8627326681065665,-0.30349943029280513,0.46472213135502105,-0.6746188636932239,-0.7246383789646909,-0.28362523936508655,1.2207954101981104,-0.6472423305879766,1.2030384137614396,0.247300154133009,0.7699853322479367,0.1118101025356919,2.158134684052242,0.8539456335127286,-0.6864424646227897,0.5447810369757328,-1.5705065105234017
14.8828097989743,0.8821675055728084,1.3666635691338591,1.0682629932164538,0.22084800630022236,0.4607080258255267,-0.5724058737181311,-1.0019727105315694,0.06552767345243585,-0.21647345805369408,-0.7309335677725434,0.5979451129989717,0.6081254694039779,0.7042735646211232,-0.3198186986488698,0.9475117560033975,-0.15683868885857516,1.250720897991487,-0.6819398855206478,0.8689953671307733,-0.18921213507942905
15.066629446326967,0.9980302651627414,0.769562595182043,1.7636431154725707,0.9875932961521223,1.5959082607009718,1.6634129659575079,0.15825322999568422,0.4884748895149631,1.2665340386788198,1.2399148510631557,0.7256690827926463,-0.14303156309765253,0.39199964722318414,0.5004574682132803,1.7893168477815413,-0.43455911521279916,0.2604176958594051,-0.8713504742393157,0.651252345492563,-0.3556891726495716
-0.2643451050704604,-0.6017195886589582,0.4316797167801287,-0.26187243755540063,0.04094231082523995,0.4227704845730865,-0.03964122933550778,-0.06866714337492905,0.014423737334974443,0.9058740281190242,-1.0263935009859895,1.4043824190365892,-0.31017913822800525,-0.31879670380734865,-0.59412387701387,1.017991363391816,-0.6164236988939247,0.14053976806068627,-2.4982197666914816,-0.5794833838370204,-0.9142300669399623
16.06436260593785,1.3931521855363467,1.221120783182748,0.6664955847406094,0.8970044415913374,0.8113844866162905,0.5767546015626407,0.10610339654064262,-0.5444816330154323,-0.22880217611944734,-0.4500865143500834,0.6891923264561163,1.7208607629623531,0.9343306557936709,0.508764029370349,0.33315566587848805,-1.0603305617371657,-1.8740505028146537,-1.3515056480628498,-0.9483913040945096,-2.6319056462866337
18.140441005510183,1.5477538211119357,0.9578112354001627,1.7428112237429616,0.9100901661939984,1.7679227428588178,-1.5422953189215167,-1.9306683863504073,-1.1077611354300254,-0.8121357350924615,0.12060254619314383,0.9163641546206484,0.8705733637763773,2.6715827350199928,1.1045781111145545,-0.06611017896046324,-0.349990467072024,0.5188741252046116,-0.7111335523715531,1.6071377820570032,-0.42681708331463525
12.639031597939123,0.5596188879811059,-0.7058760183898185,0.09630939835246202,-0.4140195642855007,-0.0453016143554439,-2.0716885759318378,-0.9754917104158717,-1.1539224678942357,-1.243220859323471,-1.4368149451526324,-0.4864128021638081,1.7747158628754038,0.3140861536527756,-0.3672270430149629,-0.3878034937791313,-2.255233384372406,0.9770338371787055,0.2872013709404108,0.7068076252316033,-0.8439759012974858
4.8520440530134,2.0739661689640445,1.831318152831986,1.330614072345321,1.329970440038431,2.0734429953731097,-0.7848876810193771,-1.4337255682517434,0.19387951080286248,-0.39885663080299416,-0.734343447559632,-0.5829679591200317,-1.1229961651409002,0.13745486362703374,-1.0678674781998083,-1.540799179892115,1.459532701764864,-0.5986787150319076,0.20526344356160467,-1.36522255297501,-0.6452801622839959
21.07360207254111,1.9724686147984123,0.9051416765514125,0.9253948075609352,0.2089351657188955,1.1295791813339693,1.4201681322627457,0.3002344288242286,0.40723187691590396,0.44989225363479607,-0.009532425405780434,0.882488579532217,-1.3334483502462335,0.15218759360997572,0.3755953713128115,-1.3244952090098574,1.9461413793710163,-1.297984361373573,-0.23869817685409409,0.5245549953496671,-0.2730113264245712
-1.3297042942735664,-1.1441115967266795,0.024867129183041948,-1.1295129965502815,-0.5521384615476701,-0.30292374931923854,1.052614374604274,1.3198861219387457,0.9754248527776447,-0.626296136276665,0.28591026180908846,-1.8664757720847223,-0.9030117630877946,-0.6052054415038782,-1.784349514928171,-0.37733913883800635,0.1267170923776571,-1.2679860221587433,-3.045017225400296,1.712624257891646,1.323838286879465
2.395413108282054,1.8809624989540512,1.752948124532771,1.3800105373107048,1.923137828777507,1.9084012076844152,-2.43903959970226,-2.0445727396864353,-1.4478122661777522,0.08990790664787753,-4.133310599527219,-1.271176590587708,-1.4460735984270114,-0.513498464443898,0.38053212181313634,-1.0362974212538407,1.3339093566181812,0.1655724199028537,1.6502438943952642,-2.0390705415097288,1.2990561352241308
